key,pos,team,games,points_2025,ppg_2025,exp_2025
aaron banks,G,GB,4,0.0,0.0,0.0
aaron brewer,C,MIA,2,0.0,0.0,0.0
aaron brewer,LS,ARI,1,0.0,0.0,0.0
aaron jones,RB,MIN,12,18.0,1.5,27.0
aaron rodgers,QB,PIT,16,78.0,4.875,87.8
aaron stinnie,G,NYG,1,0.0,0.0,0.0
abdul carter,LB,NYG,15,0.0,0.0,0.0
abraham lucas,OT,SEA,5,0.0,0.0,0.0
adam butler,DT,LV,15,0.0,0.0,0.0
adam gotsis,DE,TB,1,0.0,0.0,0.0
adam prentice,FB,DEN,13,0.0,0.0,0.0
adam thielen,WR,PIT,14,0.0,0.0,0.0
adam trautman,TE,DEN,13,6.0,0.462,8.3
adetomiwa adebawore,DT,IND,14,0.0,0.0,0.0
adin huntington,DE,CLE,9,0.0,0.0,0.0
adonai mitchell,WR,NYJ,16,12.0,0.75,13.5
adoree jackson,CB,PHI,13,0.0,0.0,0.0
adrian martinez,QB,SF,1,0.0,0.0,0.0
aeneas peebles,DT,BAL,4,0.0,0.0,0.0
ahkello witherspoon,CB,LAR,5,0.0,0.0,0.0
aidan hutchinson,DE,DET,17,0.0,0.0,0.0
aidan oconnell,QB,LV,1,0.0,0.0,0.0
aireontae ersery,OT,HOU,6,0.0,0.0,0.0
aj barner,TE,SEA,17,42.0,2.471,44.5
aj brown,WR,PHI,15,42.0,2.8,50.4
aj cole,P,LV,17,0.0,0.0,0.0
aj dillon,RB,PHI,6,0.0,0.0,0.0
aj epenesa,LB,BUF,15,0.0,0.0,0.0
aj green,CB,MIA,1,0.0,0.0,0.0
aj terrell,CB,ATL,15,0.0,0.0,0.0
akayleb evans,CB,CAR,7,0.0,0.0,0.0
akeem davis gaither,LB,ARI,16,0.0,0.0,0.0
al quadin muhammad,LB,DET,13,0.0,0.0,0.0
alaric jackson,OT,LAR,3,0.0,0.0,0.0
albert okwuegbunam,TE,LV,1,0.0,0.0,0.0
ale kaho,LB,WAS,3,0.0,0.0,0.0
alec anderson,OT,BUF,2,0.0,0.0,0.0
alec ingold,FB,MIA,9,0.0,0.0,0.0
alec pierce,WR,IND,15,36.0,2.4,43.2
alex anzalone,MLB,DET,16,0.0,0.0,0.0
alex austin,CB,NE,6,0.0,0.0,0.0
alex bachman,WR,LV,11,0.0,0.0,0.0
alex cappa,G,LV,4,0.0,0.0,0.0
alex highsmith,LB,PIT,13,0.0,0.0,0.0
alex palczewski,OT,DEN,2,0.0,0.0,0.0
alex singleton,LB,DEN,16,0.0,0.0,0.0
alex ward,LS,LAR,2,0.0,0.0,0.0
alex wright,DE,CLE,13,0.0,0.0,0.0
alfred collins,DT,SF,11,0.0,0.0,0.0
ali gaye,DE,TEN,1,0.0,0.0,0.0
alijah clark,DB,DAL,9,0.0,0.0,0.0
alijah huzzie,CB,HOU,1,0.0,0.0,0.0
alim mcneill,DT,DET,8,0.0,0.0,0.0
allen lazard,WR,NYJ,9,6.0,0.667,12.0
alohi gilman,SAF,BAL,17,0.0,0.0,0.0
alontae taylor,CB,NO,17,0.0,0.0,0.0
alvin kamara,RB,NO,11,6.0,0.545,9.8
amani hooker,SAF,TEN,16,0.0,0.0,0.0
amani oruwariye,CB,BAL,1,0.0,0.0,0.0
amar johnson,RB,LAC,1,0.0,0.0,0.0
amarius mims,OT,CIN,5,0.0,0.0,0.0
ameer abdullah,RB,IND,13,6.0,0.462,8.3
ameer speed,CB,HOU,2,0.0,0.0,0.0
amen ogbongbemiga,LB,CHI,3,0.0,0.0,0.0
amik robertson,CB,DET,17,0.0,0.0,0.0
amon ra st brown,WR,DET,17,66.0,3.882,69.9
andre baccellia,WR,ARI,4,0.0,0.0,0.0
andre cisco,SAF,NYJ,8,0.0,0.0,0.0
andre jones,LB,BUF,2,0.0,0.0,0.0
andre sam,SAF,PHI,1,0.0,0.0,0.0
andre szmyt,K,CLE,17,97.0,5.706,102.7
andrei iosivas,WR,CIN,15,12.0,0.8,14.4
andrew beck,FB,NYJ,11,12.0,1.091,19.6
andrew billings,DT,CHI,15,0.0,0.0,0.0
andrew depaola,LS,MIN,1,0.0,0.0,0.0
andrew meyer,C,MIA,1,0.0,0.0,0.0
andrew mukuba,SAF,PHI,11,0.0,0.0,0.0
andrew ogletree,TE,IND,11,6.0,0.545,9.8
andrew thomas,OT,NYG,3,0.0,0.0,0.0
andrew van ginkel,OLB,MIN,12,0.0,0.0,0.0
andrew vorhees,G,BAL,3,0.0,0.0,0.0
andrew wingard,SAF,JAX,16,0.0,0.0,0.0
andrew wylie,G,WAS,1,0.0,0.0,0.0
andru phillips,DB,NYG,17,0.0,0.0,0.0
andrus peat,G,PIT,2,0.0,0.0,0.0
andy borregales,K,NE,17,134.0,7.882,141.9
andy dalton,QB,CAR,4,3.0,0.75,13.5
anfernee jennings,LB,NE,13,0.0,0.0,0.0
anthony belton,OT,GB,2,0.0,0.0,0.0
anthony bradford,G,SEA,3,0.0,0.0,0.0
anthony firkser,TE,DET,5,0.0,0.0,0.0
anthony goodlow,DE,ARI,3,0.0,0.0,0.0
anthony gould,WR,IND,11,0.0,0.0,0.0
anthony nelson,LB,TB,14,0.0,0.0,0.0
anthony pittman,LB,DET,1,0.0,0.0,0.0
anthony richardson,QB,IND,2,0.0,0.0,0.0
antoine winfield,SAF,TB,17,0.0,0.0,0.0
anton harrison,OT,JAX,5,0.0,0.0,0.0
antonio gibson,RB,NE,5,6.0,1.2,21.6
antonio hamilton,CB,WAS,9,0.0,0.0,0.0
antonio johnson,SAF,JAX,16,0.0,0.0,0.0
ardarius washington,SAF,BAL,4,0.0,0.0,0.0
arden key,DE,TEN,12,0.0,0.0,0.0
arian smith,WR,NYJ,13,0.0,0.0,0.0
arik armstead,DE,JAX,15,0.0,0.0,0.0
armand membou,OT,NYJ,7,0.0,0.0,0.0
arnold ebiketie,LB,ATL,15,0.0,0.0,0.0
arron mosby,DE,GB,8,0.0,0.0,0.0
art green,CB,NYG,8,0.0,0.0,0.0
arthur maulet,CB,DET,5,0.0,0.0,0.0
asante samuel,CB,PIT,5,0.0,0.0,0.0
ashawn robinson,DT,CAR,17,0.0,0.0,0.0
ashton dulin,WR,IND,12,0.0,0.0,0.0
ashton gillotte,DE,KC,16,0.0,0.0,0.0
ashton jeanty,RB,LV,17,60.0,3.529,63.5
ashtyn davis,SAF,MIA,13,0.0,0.0,0.0
asim richards,OT,NO,2,0.0,0.0,0.0
atonio mafi,G,LV,1,0.0,0.0,0.0
audric estime,RB,NO,5,6.0,1.2,21.6
austin ajiake,LB,IND,13,0.0,0.0,0.0
austin booker,DE,CHI,10,0.0,0.0,0.0
austin brinkman,LS,HOU,1,0.0,0.0,0.0
austin corbett,G,CAR,2,0.0,0.0,0.0
austin deculus,OT,LAC,5,0.0,0.0,0.0
austin ekeler,RB,WAS,2,0.0,0.0,0.0
austin hooper,TE,NE,13,12.0,0.923,16.6
austin jackson,OT,MIA,3,0.0,0.0,0.0
austin johnson,NT,JAX,9,0.0,0.0,0.0
austin keys,LB,MIN,7,0.0,0.0,0.0
austin mcnamara,P,NYJ,17,0.0,0.0,0.0
austin schlottmann,C,NYG,4,0.0,0.0,0.0
austin trammell,WR,JAX,6,0.0,0.0,0.0
avery williams,RB,NYJ,1,0.0,0.0,0.0
avonte maddox,FS,DET,8,0.0,0.0,0.0
azareyeh thomas,CB,NYJ,8,0.0,0.0,0.0
azeez al shaair,LB,HOU,16,0.0,0.0,0.0
azeez ojulari,LB,PHI,2,0.0,0.0,0.0
baker mayfield,QB,TB,17,84.0,4.941,88.9
bam knight,RB,ARI,12,30.0,2.5,45.0
bam martin scott,LB,CAR,11,0.0,0.0,0.0
baron browning,LB,ARI,15,0.0,0.0,0.0
barrett carter,LB,CIN,16,0.0,0.0,0.0
barryn sorrell,DE,GB,8,0.0,0.0,0.0
basil okoye,DT,BAL,9,0.0,0.0,0.0
baylon spector,LB,BUF,3,0.0,0.0,0.0
beau brade,SAF,NYG,2,0.0,0.0,0.0
beaux collins,WR,NYG,4,0.0,0.0,0.0
beaux limmer,G,LAR,1,0.0,0.0,0.0
ben bredeson,G,TB,2,0.0,0.0,0.0
ben brown,C,NE,3,0.0,0.0,0.0
ben powers,G,DEN,3,0.0,0.0,0.0
ben sauls,K,NYG,3,31.0,10.333,186.0
ben sims,TE,MIN,3,0.0,0.0,0.0
ben sinnott,TE,WAS,9,6.0,0.667,12.0
ben skowronek,WR,PIT,16,6.0,0.375,6.8
ben yurosek,TE,MIN,6,0.0,0.0,0.0
benito jones,DT,MIA,9,0.0,0.0,0.0
benjamin chukwuma,OT,TB,1,0.0,0.0,0.0
benjamin morrison,CB,TB,9,0.0,0.0,0.0
benjamin st juste,CB,LAC,14,0.0,0.0,0.0
bernhard raimann,OT,IND,7,0.0,0.0,0.0
bhayshul tuten,RB,JAX,15,42.0,2.8,50.4
bijan robinson,RB,ATL,17,66.0,3.882,69.9
bilal nichols,DT,ARI,3,0.0,0.0,0.0
billy bowman,CB,ATL,6,0.0,0.0,0.0
bj green,DE,JAX,8,0.0,0.0,0.0
bj hill,DE,CIN,17,0.0,0.0,0.0
bj ojulari,LB,ARI,6,0.0,0.0,0.0
blake brandel,OT,MIN,6,0.0,0.0,0.0
blake cashman,LB,MIN,13,0.0,0.0,0.0
blake corum,RB,LAR,17,36.0,2.118,38.1
blake fisher,OT,HOU,4,0.0,0.0,0.0
blake gillikin,P,ARI,5,0.0,0.0,0.0
blake grupe,K,IND,16,112.0,7.0,126.0
blake hance,G,TEN,1,0.0,0.0,0.0
blake whiteheart,TE,CLE,9,0.0,0.0,0.0
bo melton,WR,GB,13,6.0,0.462,8.3
bo nix,QB,DEN,17,105.0,6.176,111.2
bo richter,LB,MIN,7,0.0,0.0,0.0
bobby brown,DT,CAR,12,0.0,0.0,0.0
bobby hart,OT,LAC,4,0.0,0.0,0.0
bobby okereke,ILB,NYG,17,0.0,0.0,0.0
bobby wagner,MLB,WAS,17,0.0,0.0,0.0
boye mafe,DE,SEA,16,0.0,0.0,0.0
brad robbins,P,BUF,1,0.0,0.0,0.0
braden fiske,DT,LAR,15,0.0,0.0,0.0
braden mann,P,PHI,17,0.0,0.0,0.0
braden smith,OT,IND,5,0.0,0.0,0.0
bradley bozeman,C,LAC,1,0.0,0.0,0.0
bradley chubb,OLB,MIA,17,0.0,0.0,0.0
bradley pinion,P,ATL,16,0.0,0.0,0.0
brady christensen,OT,CAR,2,0.0,0.0,0.0
brady cook,QB,NYJ,5,6.0,1.2,21.6
brady russell,RB,SEA,10,0.0,0.0,0.0
bradyn swinson,LB,NE,1,0.0,0.0,0.0
braelon allen,RB,NYJ,4,6.0,1.5,27.0
braiden mcgregor,DE,NYJ,8,0.0,0.0,0.0
bralyn lux,DB,CIN,1,0.0,0.0,0.0
brandin cooks,WR,BUF,13,0.0,0.0,0.0
brandin echols,CB,PIT,14,0.0,0.0,0.0
brandon allen,QB,TEN,1,0.0,0.0,0.0
brandon aubrey,K,DAL,17,155.0,9.118,164.1
brandon codrington,CB,BUF,4,0.0,0.0,0.0
brandon coleman,G,WAS,4,0.0,0.0,0.0
brandon dorlus,DE,ATL,14,0.0,0.0,0.0
brandon graham,DE,PHI,4,0.0,0.0,0.0
brandon johnson,DB,PHI,2,0.0,0.0,0.0
brandon jones,SAF,DEN,14,0.0,0.0,0.0
brandon mcmanus,K,GB,14,104.0,7.429,133.7
brandon pili,DT,SEA,7,0.0,0.0,0.0
brandon stephens,CB,NYJ,16,0.0,0.0,0.0
brandon walton,OT,CAR,1,0.0,0.0,0.0
branson combs,LB,JAX,7,0.0,0.0,0.0
branson taylor,OT,LAC,1,0.0,0.0,0.0
brashard smith,RB,KC,17,6.0,0.353,6.4
braxton berrios,WR,HOU,4,0.0,0.0,0.0
braxton jones,OT,CHI,1,0.0,0.0,0.0
brayden willis,TE,SF,6,0.0,0.0,0.0
breece hall,RB,NYJ,16,33.0,2.062,37.1
brenden bates,TE,CLE,5,0.0,0.0,0.0
brenden schooler,SAF,NE,12,0.0,0.0,0.0
brennan jackson,LB,LV,2,0.0,0.0,0.0
brent urban,DE,BAL,9,0.0,0.0,0.0
brenton cox,DE,GB,2,0.0,0.0,0.0
brenton strange,TE,JAX,12,18.0,1.5,27.0
brett rypien,QB,CIN,1,0.0,0.0,0.0
brett toth,G,PHI,3,0.0,0.0,0.0
brevyn spann ford,TE,DAL,16,6.0,0.375,6.8
brian branch,CB,DET,12,0.0,0.0,0.0
brian burns,LB,NYG,17,0.0,0.0,0.0
brian oneill,OT,MIN,3,0.0,0.0,0.0
brian robinson,RB,SF,17,12.0,0.706,12.7
brian thomas,WR,JAX,14,18.0,1.286,23.1
britain covey,WR,PHI,6,0.0,0.0,0.0
british brooks,RB,HOU,8,0.0,0.0,0.0
brittain brown,RB,CHI,2,6.0,3.0,54.0
brock bowers,TE,LV,12,42.0,3.5,63.0
brock hoffman,C,DAL,1,0.0,0.0,0.0
brock purdy,QB,SF,9,78.0,8.667,156.0
brock wright,TE,DET,8,12.0,1.5,27.0
broderick jones,OT,PIT,2,0.0,0.0,0.0
broderick washington,DT,BAL,2,0.0,0.0,0.0
bryan anger,P,DAL,17,0.0,0.0,0.0
bryan bresee,DT,NO,15,0.0,0.0,0.0
bryan cook,SAF,KC,16,0.0,0.0,0.0
bryce baringer,P,NE,17,0.0,0.0,0.0
bryce cabeldue,G,SEA,1,0.0,0.0,0.0
bryce huff,DE,SF,14,0.0,0.0,0.0
bryce oliver,WR,TEN,2,0.0,0.0,0.0
bryce young,QB,CAR,16,81.0,5.062,91.1
brycen tremayne,WR,CAR,15,0.0,0.0,0.0
bucky irving,RB,TB,10,24.0,2.4,43.2
bud dupree,OLB,LAC,10,0.0,0.0,0.0
budda baker,S,ARI,16,0.0,0.0,0.0
buddy johnson,LB,IND,7,0.0,0.0,0.0
byron murphy,CB,MIN,17,0.0,0.0,0.0
byron murphy,DT,SEA,16,0.0,0.0,0.0
byron young,DT,PHI,14,0.0,0.0,0.0
byron young,LB,LAR,17,0.0,0.0,0.0
cade mays,C,CAR,2,0.0,0.0,0.0
cade otton,TE,TB,15,6.0,0.4,7.2
cade stover,TE,HOU,6,0.0,0.0,0.0
caelen carson,DB,DAL,7,0.0,0.0,0.0
cairo santos,K,CHI,15,114.0,7.6,136.8
cal adomitis,LS,PHI,1,0.0,0.0,0.0
calais campbell,DE,ARI,17,0.0,0.0,0.0
caleb johnson,LB,MIA,2,0.0,0.0,0.0
caleb murphy,LB,NE,6,0.0,0.0,0.0
caleb rogers,OT,LV,1,0.0,0.0,0.0
caleb williams,QB,CHI,17,105.0,6.176,111.2
calen bullock,SAF,HOU,16,0.0,0.0,0.0
calijah kancey,DT,TB,2,0.0,0.0,0.0
calvin austin,WR,PIT,14,18.0,1.286,23.1
calvin ridley,WR,TEN,7,0.0,0.0,0.0
cam akers,RB,SEA,4,3.0,0.75,13.5
cam grandy,TE,CIN,2,0.0,0.0,0.0
cam hart,CB,LAC,16,0.0,0.0,0.0
cam jackson,DT,CAR,4,0.0,0.0,0.0
cam jones,LB,NYJ,5,0.0,0.0,0.0
cam jurgens,C,PHI,4,0.0,0.0,0.0
cam lewis,CB,BUF,16,0.0,0.0,0.0
cam little,K,JAX,17,140.0,8.235,148.2
cam robinson,OT,CLE,7,0.0,0.0,0.0
cam skattebo,RB,NYG,8,42.0,5.25,94.5
cam taylor britt,CB,CIN,8,0.0,0.0,0.0
cam ward,QB,TEN,17,57.0,3.353,60.4
cameron dicker,K,LAC,17,148.0,8.706,156.7
cameron goode,LB,MIA,14,0.0,0.0,0.0
cameron heyward,DE,PIT,17,0.0,0.0,0.0
cameron johnston,P,NYG,4,0.0,0.0,0.0
cameron jordan,LB,NO,17,0.0,0.0,0.0
cameron latu,TE,PHI,10,0.0,0.0,0.0
cameron mcgrone,LB,IND,2,0.0,0.0,0.0
cameron mitchell,DB,IND,7,0.0,0.0,0.0
cameron sample,DE,CIN,10,0.0,0.0,0.0
cameron thomas,DE,CLE,12,0.0,0.0,0.0
camron silmon craig,DB,JAX,1,0.0,0.0,0.0
camryn bynum,SAF,IND,17,0.0,0.0,0.0
carl granderson,DE,NO,16,0.0,0.0,0.0
carl jones,LB,BAL,9,0.0,0.0,0.0
carl lawson,DE,BAL,1,0.0,0.0,0.0
carlos basham,LB,CAR,2,0.0,0.0,0.0
carlton davis,CB,NE,17,0.0,0.0,0.0
carrington valentine,DB,GB,14,0.0,0.0,0.0
carson bruener,LB,PIT,12,0.0,0.0,0.0
carson schwesinger,LB,CLE,16,0.0,0.0,0.0
carson wentz,QB,MIN,5,18.0,3.6,64.8
carter runyon,TE,LV,3,0.0,0.0,0.0
casey washington,WR,ATL,5,0.0,0.0,0.0
cedric gray,LB,TEN,16,0.0,0.0,0.0
cedric johnson,DE,CIN,8,0.0,0.0,0.0
cedric tillman,WR,CLE,12,12.0,1.0,18.0
cedrick wilson,WR,MIA,6,0.0,0.0,0.0
ceedee lamb,WR,DAL,13,18.0,1.385,24.9
cesar ruiz,C,NO,4,0.0,0.0,0.0
chad muma,LB,NE,5,0.0,0.0,0.0
chad ryland,K,ARI,17,111.0,6.529,117.5
chamarri conner,DB,KC,17,0.0,0.0,0.0
chandler martin,LB,BAL,2,0.0,0.0,0.0
chandler zavala,G,CAR,3,0.0,0.0,0.0
channing tindall,LB,ARI,4,0.0,0.0,0.0
charles cross,OT,SEA,4,0.0,0.0,0.0
charles omenihu,DE,KC,14,0.0,0.0,0.0
charles snowden,DE,LV,12,0.0,0.0,0.0
charles woods,CB,NE,9,0.0,0.0,0.0
charley hughlett,LS,PHI,2,0.0,0.0,0.0
charlie heck,OT,TB,2,0.0,0.0,0.0
charlie jones,WR,CIN,14,0.0,0.0,0.0
charlie kolar,TE,BAL,13,12.0,0.923,16.6
charlie smyth,K,NO,6,49.0,8.167,147.0
charlie woerner,TE,ATL,7,0.0,0.0,0.0
charvarius ward,CB,IND,7,0.0,0.0,0.0
chase brown,RB,CIN,17,66.0,3.882,69.9
chase edmonds,RB,WAS,3,0.0,0.0,0.0
chase lucas,CB,SF,10,0.0,0.0,0.0
chase mclaughlin,K,TB,17,128.0,7.529,135.5
chase young,DE,NO,12,0.0,0.0,0.0
chau smith wade,CB,CAR,16,0.0,0.0,0.0
chauncey golston,DE,NYG,8,0.0,0.0,0.0
chaz chambliss,LB,MIN,5,0.0,0.0,0.0
chazz surratt,LB,SEA,10,0.0,0.0,0.0
chidobe awuzie,CB,BAL,14,0.0,0.0,0.0
chig okonkwo,TE,TEN,17,12.0,0.706,12.7
chigozie anusiem,DB,LV,1,0.0,0.0,0.0
chimere dike,WR,TEN,17,24.0,1.412,25.4
chop robinson,LB,MIA,12,0.0,0.0,0.0
chris blair,WR,ATL,1,0.0,0.0,0.0
chris board,LB,NYG,1,0.0,0.0,0.0
chris boswell,K,PIT,17,123.0,7.235,130.2
chris braswell,LB,TB,13,0.0,0.0,0.0
chris brooks,RB,GB,17,0.0,0.0,0.0
chris edmonds,SAF,CLE,5,0.0,0.0,0.0
chris godwin,WR,TB,9,12.0,1.333,24.0
chris hubbard,OT,DET,1,0.0,0.0,0.0
chris jones,DE,KC,17,0.0,0.0,0.0
chris lammons,DB,IND,7,0.0,0.0,0.0
chris lindstrom,G,ATL,5,0.0,0.0,0.0
chris manhertz,TE,NYG,4,0.0,0.0,0.0
chris moore,WR,WAS,10,6.0,0.6,10.8
chris oladokun,QB,KC,3,3.0,1.0,18.0
chris olave,WR,NO,16,54.0,3.375,60.8
chris paul,G,WAS,2,0.0,0.0,0.0
chris rodriguez,RB,WAS,12,36.0,3.0,54.0
chris rumph,LB,NO,17,0.0,0.0,0.0
chris smith,S,LV,3,0.0,0.0,0.0
chris stoll,LS,SEA,1,0.0,0.0,0.0
chris williams,DT,CHI,10,0.0,0.0,0.0
chris wormley,NT,IND,3,0.0,0.0,0.0
christian barmore,DT,NE,15,0.0,0.0,0.0
christian benford,CB,BUF,14,0.0,0.0,0.0
christian braswell,CB,JAX,6,0.0,0.0,0.0
christian darrisaw,OT,MIN,7,0.0,0.0,0.0
christian elliss,LB,NE,15,0.0,0.0,0.0
christian gonzalez,CB,NE,14,0.0,0.0,0.0
christian harris,LB,HOU,7,0.0,0.0,0.0
christian izien,SAF,TB,9,0.0,0.0,0.0
christian kirk,WR,HOU,11,6.0,0.545,9.8
christian kuntz,LS,PIT,2,0.0,0.0,0.0
christian mahogany,G,DET,2,0.0,0.0,0.0
christian mccaffrey,RB,SF,17,102.0,6.0,108.0
christian roland wallace,CB,KC,9,0.0,0.0,0.0
christian rozeboom,LB,CAR,15,0.0,0.0,0.0
christian watson,WR,GB,10,36.0,3.6,64.8
chuba hubbard,RB,CAR,15,24.0,1.6,28.8
chuck clark,SAF,PIT,13,0.0,0.0,0.0
chukwuebuka godrick,OT,KC,3,0.0,0.0,0.0
chuma edoga,OT,JAX,3,0.0,0.0,0.0
cj brewer,DT,TB,3,0.0,0.0,0.0
cj gardner johnson,SAF,CHI,13,0.0,0.0,0.0
cj goodwin,CB,DAL,13,0.0,0.0,0.0
cj ham,FB,MIN,8,12.0,1.5,27.0
cj henderson,CB,ATL,3,0.0,0.0,0.0
cj ravenell,DE,TEN,6,0.0,0.0,0.0
cj stroud,QB,HOU,14,63.0,4.5,81.0
cj west,DT,SF,10,0.0,0.0,0.0
clark phillips,CB,ATL,1,0.0,0.0,0.0
claudin cherelus,LB,CAR,9,0.0,0.0,0.0
clayton tune,QB,GB,2,0.0,0.0,0.0
clelin ferrell,DE,SF,8,0.0,0.0,0.0
clyde edwards helaire,RB,KC,2,0.0,0.0,0.0
cobee bryant,CB,ATL,6,0.0,0.0,0.0
cobie durant,CB,LAR,17,0.0,0.0,0.0
coby bryant,CB,SEA,15,0.0,0.0,0.0
cody barton,LB,TEN,17,0.0,0.0,0.0
cody ford,OT,CIN,1,0.0,0.0,0.0
cody lindenberg,LB,LV,6,0.0,0.0,0.0
cody mauch,G,TB,1,0.0,0.0,0.0
cody simon,LB,ARI,14,0.0,0.0,0.0
cody white,WR,SEA,8,6.0,0.75,13.5
colby parkinson,TE,LAR,14,48.0,3.429,61.7
colby wooden,DE,GB,15,0.0,0.0,0.0
cole bishop,SAF,BUF,16,0.0,0.0,0.0
cole christiansen,LB,KC,2,0.0,0.0,0.0
cole holcomb,LB,PIT,11,0.0,0.0,0.0
cole kmet,TE,CHI,16,12.0,0.75,13.5
cole strange,G,MIA,3,0.0,0.0,0.0
cole van lanen,G,JAX,4,0.0,0.0,0.0
coleman owen,WR,IND,2,0.0,0.0,0.0
coleman shelton,C,LAR,3,0.0,0.0,0.0
collin oliver,LB,GB,1,0.0,0.0,0.0
colson yankoff,TE,WAS,10,0.0,0.0,0.0
colston loveland,TE,CHI,16,36.0,2.25,40.5
colton mckivitz,OT,SF,5,0.0,0.0,0.0
connor colby,G,SF,4,0.0,0.0,0.0
connor heyward,FB,PIT,14,18.0,1.286,23.1
connor mcgovern,G,BUF,2,0.0,0.0,0.0
connor otoole,LB,SEA,4,0.0,0.0,0.0
cooper beebe,G,DAL,1,0.0,0.0,0.0
cooper dejean,CB,PHI,16,0.0,0.0,0.0
cooper kupp,WR,SEA,16,12.0,0.75,13.5
cooper mcdonald,LB,KC,11,0.0,0.0,0.0
cooper rush,QB,BAL,4,0.0,0.0,0.0
cordale flott,CB,NYG,14,0.0,0.0,0.0
corey ballentine,DB,DAL,3,0.0,0.0,0.0
corey bojorquez,P,CLE,17,0.0,0.0,0.0
corey kiner,RB,ARI,4,0.0,0.0,0.0
corey thornton,CB,CAR,7,0.0,0.0,0.0
corliss waitman,P,PIT,17,0.0,0.0,0.0
cornelius lucas,OT,CLE,2,0.0,0.0,0.0
cornell armstrong,DB,MIA,2,0.0,0.0,0.0
cory durden,DT,NE,16,0.0,0.0,0.0
courtland sutton,WR,DEN,17,42.0,2.471,44.5
craig reynolds,RB,DET,5,0.0,0.0,0.0
craig woodson,SAF,NE,17,0.0,0.0,0.0
creed humphrey,C,KC,2,0.0,0.0,0.0
curtis robinson,LB,SF,10,0.0,0.0,0.0
curtis samuel,WR,BUF,6,6.0,1.0,18.0
dadrion taylor demerson,SAF,ARI,12,0.0,0.0,0.0
daijahn anthony,SAF,CIN,3,0.0,0.0,0.0
daiyan henley,LB,LAC,16,0.0,0.0,0.0
dak prescott,QB,DAL,17,102.0,6.0,108.0
dalen cambre,WR,NYG,3,0.0,0.0,0.0
dalevon campbell,WR,CAR,1,0.0,0.0,0.0
dallas goedert,TE,PHI,15,66.0,4.4,79.2
dallas turner,LB,MIN,17,0.0,0.0,0.0
dallis flowers,CB,CHI,1,0.0,0.0,0.0
dalton kincaid,TE,BUF,12,30.0,2.5,45.0
dalton risner,G,CIN,5,0.0,0.0,0.0
dalton schultz,TE,HOU,17,18.0,1.059,19.1
dalton tucker,G,IND,2,0.0,0.0,0.0
dalvin tomlinson,DE,ARI,14,0.0,0.0,0.0
damar hamlin,SAF,BUF,1,0.0,0.0,0.0
dameon pierce,RB,KC,5,0.0,0.0,0.0
damien lewis,G,CAR,5,0.0,0.0,0.0
damon arnette,CB,HOU,2,0.0,0.0,0.0
damone clark,LB,HOU,9,0.0,0.0,0.0
dan moore,OT,TEN,4,0.0,0.0,0.0
dan skipper,OT,DET,1,0.0,0.0,0.0
dandre swift,RB,CHI,16,60.0,3.75,67.5
dane belton,SAF,NYG,17,0.0,0.0,0.0
dane jackson,CB,BUF,1,0.0,0.0,0.0
dangelo ross,CB,CLE,3,0.0,0.0,0.0
daniel bellinger,TE,NYG,13,12.0,0.923,16.6
daniel carlson,K,LV,17,87.0,5.118,92.1
daniel ekuale,DT,PIT,4,0.0,0.0,0.0
daniel faalele,G,BAL,2,0.0,0.0,0.0
daniel hardy,DE,CHI,13,0.0,0.0,0.0
daniel jones,QB,IND,13,87.0,6.692,120.5
daniel scott,SAF,IND,2,0.0,0.0,0.0
daniel thomas,SAF,DET,9,0.0,0.0,0.0
daniel whelan,P,GB,14,0.0,0.0,0.0
danielle hunter,DE,HOU,16,0.0,0.0,0.0
danny pinter,G,IND,1,0.0,0.0,0.0
danny striggow,DE,JAX,8,0.0,0.0,0.0
danny stutsman,LB,NO,16,0.0,0.0,0.0
dante fowler,DE,DAL,13,0.0,0.0,0.0
dante pettis,WR,NO,8,0.0,0.0,0.0
dante stills,DT,ARI,15,0.0,0.0,0.0
dante trader,SAF,MIA,15,0.0,0.0,0.0
danthony bell,SAF,SEA,8,0.0,0.0,0.0
daquan jones,DT,BUF,12,0.0,0.0,0.0
dare ogunbowale,RB,HOU,14,6.0,0.429,7.7
dareke young,WR,SEA,8,0.0,0.0,0.0
darian kinnard,G,GB,1,0.0,0.0,0.0
darien porter,CB,LV,11,0.0,0.0,0.0
darious williams,CB,LAR,11,0.0,0.0,0.0
darius alexander,DT,NYG,11,0.0,0.0,0.0
darius cooper,WR,PHI,6,0.0,0.0,0.0
darius harris,LB,NE,2,0.0,0.0,0.0
darius muasau,LB,NYG,12,0.0,0.0,0.0
darius robinson,DL,ARI,15,0.0,0.0,0.0
darius slay,CB,PIT,10,0.0,0.0,0.0
darius slayton,WR,NYG,14,6.0,0.429,7.7
darnay holmes,CB,LV,10,0.0,0.0,0.0
darnell mooney,WR,ATL,15,6.0,0.4,7.2
darnell savage,SAF,BUF,10,0.0,0.0,0.0
darnell washington,TE,PIT,13,6.0,0.462,8.3
darnell wright,OT,CHI,9,0.0,0.0,0.0
daron bland,CB,DAL,12,0.0,0.0,0.0
daron payne,NT,WAS,14,0.0,0.0,0.0
darrell baker,CB,TEN,15,0.0,0.0,0.0
darrell luter,CB,SF,9,0.0,0.0,0.0
darrell taylor,DE,HOU,3,0.0,0.0,0.0
darren hall,CB,ARI,8,0.0,0.0,0.0
darren waller,TE,MIA,9,36.0,4.0,72.0
dashawn hand,DE,LAC,13,0.0,0.0,0.0
davante adams,WR,LAR,14,84.0,6.0,108.0
david edwards,OT,BUF,2,0.0,0.0,0.0
david martin robinson,TE,TEN,11,6.0,0.545,9.8
david montgomery,RB,DET,17,51.0,3.0,54.0
david moore,WR,CAR,3,0.0,0.0,0.0
david njoku,TE,CLE,11,24.0,2.182,39.3
david ojabo,LB,BAL,12,0.0,0.0,0.0
david onyemata,DT,ATL,16,0.0,0.0,0.0
david sills,WR,ATL,12,12.0,1.0,18.0
davis allen,TE,LAR,15,18.0,1.2,21.6
davis mills,QB,HOU,6,21.0,3.5,63.0
davon godchaux,DT,NO,16,0.0,0.0,0.0
davon hamilton,DT,JAX,15,0.0,0.0,0.0
dawand jones,OT,CLE,2,0.0,0.0,0.0
dawson knox,TE,BUF,16,24.0,1.5,27.0
dawuane smoot,DE,JAX,13,0.0,0.0,0.0
daxton hill,DB,CIN,16,0.0,0.0,0.0
dayo odeyingbo,DE,CHI,8,0.0,0.0,0.0
dean clark,SAF,NYJ,7,0.0,0.0,0.0
deandre carter,WR,CLE,4,0.0,0.0,0.0
deandre hopkins,WR,BAL,17,12.0,0.706,12.7
deane leonard,CB,LAC,3,0.0,0.0,0.0
deangelo malone,LB,ATL,7,0.0,0.0,0.0
deatrich wise,DE,WAS,2,0.0,0.0,0.0
decamerion richardson,CB,LV,10,0.0,0.0,0.0
dee alford,CB,ATL,15,0.0,0.0,0.0
dee eskridge,WR,MIA,11,0.0,0.0,0.0
dee winters,LB,SF,17,0.0,0.0,0.0
deebo samuel,WR,WAS,16,36.0,2.25,40.5
deejay dallas,RB,JAX,5,0.0,0.0,0.0
deforest buckner,DT,IND,10,0.0,0.0,0.0
deion jones,LB,TB,13,0.0,0.0,0.0
delarrin turner yell,SAF,DEN,1,0.0,0.0,0.0
dell pettus,SAF,NE,11,0.0,0.0,0.0
delshawn phillips,LB,LAC,13,0.0,0.0,0.0
demani richardson,SAF,CAR,6,0.0,0.0,0.0
demarcco hellams,SAF,ATL,7,0.0,0.0,0.0
demarcus lawrence,LB,SEA,16,0.0,0.0,0.0
demarcus robinson,WR,SF,14,6.0,0.429,7.7
demarcus walker,DE,WAS,1,0.0,0.0,0.0
demario davis,OLB,NO,17,0.0,0.0,0.0
demario douglas,WR,NE,16,18.0,1.125,20.2
demarvin leal,DE,PIT,1,0.0,0.0,0.0
demarvion overshown,LB,DAL,6,0.0,0.0,0.0
demetrius flannigan fowles,LB,NYG,7,0.0,0.0,0.0
demetrius knight,LB,CIN,17,0.0,0.0,0.0
denico autry,DT,HOU,9,0.0,0.0,0.0
dennis gardeck,LB,JAX,15,0.0,0.0,0.0
denzel burke,CB,ARI,14,0.0,0.0,0.0
denzel perryman,MLB,LAC,9,0.0,0.0,0.0
denzel ward,CB,CLE,14,0.0,0.0,0.0
deommodore lenoir,CB,SF,17,0.0,0.0,0.0
deone walker,DT,BUF,15,0.0,0.0,0.0
deonte banks,CB,NYG,14,0.0,0.0,0.0
derek barnett,DE,HOU,16,0.0,0.0,0.0
derek stingley,CB,HOU,15,0.0,0.0,0.0
derick hall,LB,SEA,14,0.0,0.0,0.0
derion kendrick,CB,LAR,7,0.0,0.0,0.0
derius davis,WR,LAC,11,0.0,0.0,0.0
dernest johnson,RB,NE,5,0.0,0.0,0.0
derrick barnes,LB,DET,17,0.0,0.0,0.0
derrick brown,DT,CAR,16,0.0,0.0,0.0
derrick harmon,DT,PIT,12,0.0,0.0,0.0
derrick henry,RB,BAL,17,96.0,5.647,101.6
derrick nnadi,NT,KC,10,0.0,0.0,0.0
derwin james,FS,LAC,15,0.0,0.0,0.0
deshon elliott,SAF,PIT,5,0.0,0.0,0.0
desjuan johnson,DE,LAR,5,0.0,0.0,0.0
devaughn vele,WR,NO,9,12.0,1.333,24.0
deven thompkins,WR,ATL,7,0.0,0.0,0.0
devin bush,LB,CLE,17,0.0,0.0,0.0
devin culp,TE,TB,4,6.0,1.5,27.0
devin duvernay,WR,CHI,17,0.0,0.0,0.0
devin lloyd,LB,JAX,15,0.0,0.0,0.0
devin neal,RB,NO,9,12.0,1.333,24.0
devin singletary,RB,NYG,17,30.0,1.765,31.8
devin white,LB,LV,17,0.0,0.0,0.0
devon achane,RB,MIA,16,72.0,4.5,81.0
devon key,SAF,DEN,15,0.0,0.0,0.0
devon witherspoon,CB,SEA,12,0.0,0.0,0.0
devonta smith,WR,PHI,17,24.0,1.412,25.4
devonte wyatt,DT,GB,9,0.0,0.0,0.0
devontez walker,WR,BAL,8,18.0,2.25,40.5
dexter lawrence,DT,NYG,16,0.0,0.0,0.0
dillon gabriel,QB,CLE,10,21.0,2.1,37.8
dillon radunz,OT,NO,7,0.0,0.0,0.0
dion dawkins,OT,BUF,8,0.0,0.0,0.0
divine deablo,LB,ATL,13,0.0,0.0,0.0
dj davidson,DT,NYG,6,0.0,0.0,0.0
dj giddens,RB,IND,5,0.0,0.0,0.0
dj glaze,OT,LV,3,0.0,0.0,0.0
dj humphries,OT,LAR,1,0.0,0.0,0.0
dj ivey,CB,CIN,10,0.0,0.0,0.0
dj james,CB,NE,1,0.0,0.0,0.0
dj johnson,DE,CAR,2,0.0,0.0,0.0
dj jones,DT,DEN,16,0.0,0.0,0.0
dj moore,WR,CHI,17,45.0,2.647,47.6
dj reader,DT,DET,13,0.0,0.0,0.0
dj reed,CB,DET,11,0.0,0.0,0.0
dj turner,CB,CIN,16,0.0,0.0,0.0
dj turner,WR,LV,1,0.0,0.0,0.0
dj wonnum,LB,CAR,16,0.0,0.0,0.0
dk metcalf,WR,PIT,15,42.0,2.8,50.4
dmarco jackson,LB,CHI,13,0.0,0.0,0.0
dom jones,CB,CLE,2,0.0,0.0,0.0
dominic lovett,WR,DET,2,0.0,0.0,0.0
dominick puni,OT,SF,4,0.0,0.0,0.0
dominique robinson,DE,CHI,10,0.0,0.0,0.0
dondrea tillman,LB,DEN,17,0.0,0.0,0.0
donovan ezeiruaku,LB,DAL,17,0.0,0.0,0.0
donovan jackson,G,MIN,5,0.0,0.0,0.0
donovan mcmillon,SAF,CLE,12,0.0,0.0,0.0
donovan wilson,SAF,DAL,15,0.0,0.0,0.0
dontayvion wicks,WR,GB,13,12.0,0.923,16.6
donte jackson,CB,LAC,15,0.0,0.0,0.0
donte thornton,WR,LV,11,0.0,0.0,0.0
dorance armstrong,DE,WAS,6,0.0,0.0,0.0
dorian mausi,LB,TEN,10,0.0,0.0,0.0
dorian strong,CB,BUF,4,0.0,0.0,0.0
dorian williams,LB,BUF,16,0.0,0.0,0.0
drake dabney,TE,GB,1,0.0,0.0,0.0
drake jackson,DE,WAS,3,0.0,0.0,0.0
drake london,WR,ATL,12,42.0,3.5,63.0
drake maye,QB,NE,17,117.0,6.882,123.9
drake thomas,LB,SEA,16,0.0,0.0,0.0
dre greenlaw,LB,DEN,8,0.0,0.0,0.0
dremont jones,LB,BAL,17,0.0,0.0,0.0
drew dalman,C,CHI,3,0.0,0.0,0.0
drew lock,QB,SEA,3,0.0,0.0,0.0
drew sample,TE,CIN,12,6.0,0.5,9.0
drue tranquill,LB,KC,17,0.0,0.0,0.0
dshawn jamison,DB,PIT,1,0.0,0.0,0.0
durell nchami,DE,IND,1,0.0,0.0,0.0
durham smythe,TE,CHI,7,0.0,0.0,0.0
dwight mcglothern,CB,MIN,2,0.0,0.0,0.0
dyami brown,WR,JAX,11,6.0,0.545,9.8
dylan cook,OT,PIT,1,0.0,0.0,0.0
dylan drummond,WR,ATL,6,0.0,0.0,0.0
dylan fairchild,G,CIN,6,0.0,0.0,0.0
dylan horton,DE,HOU,14,0.0,0.0,0.0
dylan laube,RB,LV,17,0.0,0.0,0.0
dylan parham,G,LV,4,0.0,0.0,0.0
dylan sampson,RB,CLE,15,12.0,0.8,14.4
easton mascarenas arnold,LB,CLE,7,0.0,0.0,0.0
ed ingram,G,HOU,2,0.0,0.0,0.0
ed oliver,DT,BUF,3,0.0,0.0,0.0
eddie goldman,NT,WAS,12,0.0,0.0,0.0
eddy pineiro,K,SF,14,118.0,8.429,151.7
edgerrin cooper,LB,GB,16,0.0,0.0,0.0
efton chism,WR,NE,8,6.0,0.75,13.5
ej jenkins,TE,PHI,1,0.0,0.0,0.0
ej speed,LB,HOU,14,0.0,0.0,0.0
eku leota,LB,NO,1,0.0,0.0,0.0
elandon roberts,OLB,LV,17,0.0,0.0,0.0
elgton jenkins,C,GB,2,0.0,0.0,0.0
eli apple,CB,SF,1,0.0,0.0,0.0
elic ayomanor,WR,TEN,16,24.0,1.5,27.0
elijah arroyo,TE,SEA,13,6.0,0.462,8.3
elijah campbell,DB,MIA,4,0.0,0.0,0.0
elijah chatman,DT,NYG,3,0.0,0.0,0.0
elijah garcia,DE,ATL,6,0.0,0.0,0.0
elijah hicks,SAF,CHI,13,0.0,0.0,0.0
elijah higgins,TE,ARI,17,0.0,0.0,0.0
elijah jones,CB,ARI,1,0.0,0.0,0.0
elijah klein,G,TB,1,0.0,0.0,0.0
elijah mitchell,RB,KC,1,0.0,0.0,0.0
elijah molden,CB,LAC,12,0.0,0.0,0.0
elijah moore,WR,BUF,9,6.0,0.667,12.0
elijah ponder,LB,NE,14,0.0,0.0,0.0
elijah roberts,DE,TB,12,0.0,0.0,0.0
elijah simmons,DL,TB,4,0.0,0.0,0.0
elijah wilkinson,OT,ATL,10,0.0,0.0,0.0
elijah williams,DE,MIN,4,0.0,0.0,0.0
emanuel wilson,RB,GB,17,18.0,1.059,19.1
emari demercado,RB,ARI,12,6.0,0.5,9.0
emeka egbuka,WR,TB,17,36.0,2.118,38.1
emery jones,OT,BAL,1,0.0,0.0,0.0
emmanuel forbes,CB,LAR,17,0.0,0.0,0.0
emmanuel ogbah,DE,JAX,9,0.0,0.0,0.0
eric gray,RB,NYG,1,0.0,0.0,0.0
eric gregory,DT,NE,5,0.0,0.0,0.0
eric johnson,DT,IND,5,0.0,0.0,0.0
eric kendricks,MLB,SF,2,0.0,0.0,0.0
eric murray,S,JAX,12,0.0,0.0,0.0
eric saubert,TE,SEA,9,0.0,0.0,0.0
eric stokes,CB,LV,16,0.0,0.0,0.0
eric watts,DE,NYJ,4,0.0,0.0,0.0
eric wilson,LB,MIN,17,0.0,0.0,0.0
erick hallett,SAF,TEN,3,0.0,0.0,0.0
erik mccoy,C,NO,3,0.0,0.0,0.0
ernest jones,LB,SEA,15,0.0,0.0,0.0
esa pole,OL,KC,2,0.0,0.0,0.0
esezi otomewo,DT,PIT,6,0.0,0.0,0.0
ethan bonner,CB,MIA,10,0.0,0.0,0.0
ethan downs,LB,KC,1,0.0,0.0,0.0
ethan evans,P,LAR,17,0.0,0.0,0.0
ethan pocic,C,CLE,2,0.0,0.0,0.0
evan brown,C,ARI,4,0.0,0.0,0.0
evan deckers,LS,TB,1,0.0,0.0,0.0
evan engram,TE,DEN,16,6.0,0.375,6.8
evan hull,RB,NO,6,0.0,0.0,0.0
evan mcpherson,K,CIN,17,116.0,6.824,122.8
evan williams,SAF,GB,16,0.0,0.0,0.0
eyioma uwazurike,DT,DEN,16,0.0,0.0,0.0
ezra cleveland,G,JAX,2,0.0,0.0,0.0
fabian moreau,CB,MIN,10,0.0,0.0,0.0
fadil diggs,DE,NO,2,0.0,0.0,0.0
feleipe franks,TE,ATL,10,0.0,0.0,0.0
foley fatukasi,DT,HOU,4,0.0,0.0,0.0
foster moreau,TE,NO,7,0.0,0.0,0.0
foye oluokun,LB,JAX,17,0.0,0.0,0.0
francisco mauigoa,LB,NYJ,12,0.0,0.0,0.0
frank crum,OT,DEN,1,0.0,0.0,0.0
frankie luvu,LB,WAS,17,0.0,0.0,0.0
fred johnson,OT,PHI,3,0.0,0.0,0.0
fred warner,MLB,SF,6,0.0,0.0,0.0
gabe davis,WR,BUF,6,6.0,1.0,18.0
gabriel murphy,LB,MIN,1,0.0,0.0,0.0
gage larvadain,WR,CLE,13,0.0,0.0,0.0
gardner minshew,QB,KC,4,0.0,0.0,0.0
garett bolles,OT,DEN,5,0.0,0.0,0.0
garret wallow,LB,SF,6,0.0,0.0,0.0
garrett bradbury,C,NE,3,0.0,0.0,0.0
garrett williams,CB,ARI,10,0.0,0.0,0.0
garrett wilson,WR,NYJ,7,24.0,3.429,61.7
gary brightwell,RB,CIN,2,0.0,0.0,0.0
geno smith,QB,LV,15,57.0,3.8,68.4
geno stone,SAF,CIN,16,0.0,0.0,0.0
george holani,RB,SEA,10,6.0,0.6,10.8
george karlaftis,DE,KC,16,0.0,0.0,0.0
george kittle,TE,SF,11,42.0,3.818,68.7
george odum,DB,IND,2,0.0,0.0,0.0
george pickens,WR,DAL,17,54.0,3.176,57.2
germaine pratt,LB,IND,16,0.0,0.0,0.0
gervon dexter,DT,CHI,16,0.0,0.0,0.0
giovanni ricci,TE,DET,2,0.0,0.0,0.0
grady jarrett,DT,CHI,13,0.0,0.0,0.0
graham barton,C,TB,8,0.0,0.0,0.0
graham gano,K,NYG,5,36.0,7.2,129.6
graham glasgow,C,DET,3,0.0,0.0,0.0
grant calcaterra,TE,PHI,9,6.0,0.667,12.0
grant delpit,SAF,CLE,17,0.0,0.0,0.0
grant stuard,LB,DET,14,0.0,0.0,0.0
greedy vance,CB,LV,4,0.0,0.0,0.0
greg dortch,WR,ARI,12,24.0,2.0,36.0
greg dulcich,TE,MIA,9,6.0,0.667,12.0
greg gaines,DT,TB,14,0.0,0.0,0.0
greg newsome,CB,JAX,15,0.0,0.0,0.0
greg rousseau,LB,BUF,16,0.0,0.0,0.0
greg van roten,G,NYG,2,0.0,0.0,0.0
grey zabel,G,SEA,5,0.0,0.0,0.0
grover stewart,DT,IND,17,0.0,0.0,0.0
gunnar helm,TE,TEN,16,12.0,0.75,13.5
gunner olszewski,WR,NYG,16,9.0,0.562,10.1
haason reddick,OLB,TB,13,0.0,0.0,0.0
haggai ndubuisi,DT,HOU,1,0.0,0.0,0.0
hakeem adeniji,OT,DAL,1,0.0,0.0,0.0
harold fannin,TE,CLE,16,42.0,2.625,47.2
harold landry,LB,NE,14,0.0,0.0,0.0
harrison bryant,TE,HOU,5,0.0,0.0,0.0
harrison butker,K,KC,17,130.0,7.647,137.6
harrison mevis,K,LAR,9,75.0,8.333,150.0
harrison phillips,DT,NYJ,17,0.0,0.0,0.0
harrison smith,FS,MIN,14,0.0,0.0,0.0
hassan haskins,RB,LAC,11,0.0,0.0,0.0
hayden rucci,TE,MIA,1,0.0,0.0,0.0
henry tootoo,LB,HOU,17,0.0,0.0,0.0
hjalte froholdt,G,ARI,5,0.0,0.0,0.0
hogan hatten,LS,DET,2,0.0,0.0,0.0
howard cross,DT,CIN,3,0.0,0.0,0.0
hunter henry,TE,NE,17,42.0,2.471,44.5
hunter long,TE,JAX,7,12.0,1.714,30.9
hunter luepke,RB,DAL,14,6.0,0.429,7.7
hunter renfrow,WR,CAR,6,12.0,2.0,36.0
ian thomas,TE,LV,9,0.0,0.0,0.0
ifeatu melifonwu,SAF,MIA,14,0.0,0.0,0.0
ikem ekwonu,OT,CAR,6,0.0,0.0,0.0
isaac guerendo,RB,SF,7,0.0,0.0,0.0
isaac teslaa,WR,DET,14,36.0,2.571,46.3
isaac yiadom,CB,NO,11,0.0,0.0,0.0
isaiah adams,G,ARI,5,0.0,0.0,0.0
isaiah bond,WR,CLE,15,0.0,0.0,0.0
isaiah davis,RB,NYJ,16,6.0,0.375,6.8
isaiah foskey,DE,CIN,3,0.0,0.0,0.0
isaiah hodgins,WR,NYG,6,6.0,1.0,18.0
isaiah johnson,CB,MIA,2,0.0,0.0,0.0
isaiah likely,TE,BAL,12,6.0,0.5,9.0
isaiah mcduffie,LB,GB,16,0.0,0.0,0.0
isaiah mcguire,DE,CLE,15,0.0,0.0,0.0
isaiah oliver,FS,NYJ,13,0.0,0.0,0.0
isaiah pola mao,SAF,LV,17,0.0,0.0,0.0
isaiah rodgers,CB,MIN,17,0.0,0.0,0.0
isaiah simmons,SAF,CAR,2,0.0,0.0,0.0
isaiah stalbird,LB,NO,11,0.0,0.0,0.0
isaiah williams,WR,NYJ,15,0.0,0.0,0.0
isiah pacheco,RB,KC,13,12.0,0.923,16.6
israel mukuamu,CB,CAR,1,0.0,0.0,0.0
ivan pace,LB,MIN,15,0.0,0.0,0.0
jabrill peppers,FS,PIT,7,0.0,0.0,0.0
jacardia wright,RB,SEA,1,0.0,0.0,0.0
jack bech,WR,LV,14,0.0,0.0,0.0
jack campbell,LB,DET,17,0.0,0.0,0.0
jack cochrane,LB,KC,11,0.0,0.0,0.0
jack conklin,OT,CLE,3,0.0,0.0,0.0
jack fox,P,DET,16,0.0,0.0,0.0
jack gibbens,LB,NE,17,0.0,0.0,0.0
jack heflin,DT,LAR,1,0.0,0.0,0.0
jack jones,CB,MIA,17,0.0,0.0,0.0
jack kiser,LB,JAX,6,0.0,0.0,0.0
jack nelson,OT,ATL,1,0.0,0.0,0.0
jack sanborn,LB,DAL,5,0.0,0.0,0.0
jack sawyer,LB,PIT,16,0.0,0.0,0.0
jack stoll,TE,NO,9,6.0,0.667,12.0
jack westover,TE,NE,4,0.0,0.0,0.0
jackson hawes,TE,BUF,13,18.0,1.385,24.9
jackson powers johnson,C,LV,3,0.0,0.0,0.0
jackson sirmon,LB,NYJ,1,0.0,0.0,0.0
jackson woodard,LB,MIA,1,0.0,0.0,0.0
jacob bobenmoyer,LS,LV,4,0.0,0.0,0.0
jacob hummel,LB,BAL,14,0.0,0.0,0.0
jacob martin,DE,WAS,17,0.0,0.0,0.0
jacob parrish,CB,TB,16,0.0,0.0,0.0
jacob saylors,RB,DET,11,0.0,0.0,0.0
jacoby brissett,QB,ARI,14,75.0,5.357,96.4
jacoby jones,WR,WAS,1,0.0,0.0,0.0
jacory croskey merritt,RB,WAS,17,48.0,2.824,50.8
jaden crumedy,DT,CAR,1,0.0,0.0,0.0
jaden davis,DB,ARI,2,0.0,0.0,0.0
jaden hicks,SAF,KC,15,0.0,0.0,0.0
jadeveon clowney,DE,DAL,12,0.0,0.0,0.0
jaelan phillips,LB,PHI,17,0.0,0.0,0.0
jahan dotson,WR,PHI,15,6.0,0.4,7.2
jahdae barron,CB,DEN,16,0.0,0.0,0.0
jahdae walker,WR,CHI,6,12.0,2.0,36.0
jahfari harvey,DE,LV,1,0.0,0.0,0.0
jahlani tavai,LB,NE,12,0.0,0.0,0.0
jahmyr gibbs,RB,DET,17,108.0,6.353,114.4
jaire alexander,CB,BAL,2,0.0,0.0,0.0
jake andrews,C,HOU,5,0.0,0.0,0.0
jake bailey,P,MIA,17,0.0,0.0,0.0
jake bates,K,DET,17,135.0,7.941,142.9
jake bobo,WR,SEA,5,0.0,0.0,0.0
jake brendel,C,SF,3,0.0,0.0,0.0
jake browning,QB,CIN,5,24.0,4.8,86.4
jake elliott,K,PHI,17,101.0,5.941,106.9
jake ferguson,TE,DAL,17,48.0,2.824,50.8
jake hansen,LB,HOU,12,0.0,0.0,0.0
jake matthews,OT,ATL,6,0.0,0.0,0.0
jake mcquaide,LS,LAR,1,0.0,0.0,0.0
jake moody,K,WAS,9,72.0,8.0,144.0
jake tonges,TE,SF,10,30.0,3.0,54.0
jakob johnson,RB,HOU,2,0.0,0.0,0.0
jakobi meyers,WR,JAX,16,18.0,1.125,20.2
jakobie keeney james,WR,GB,1,0.0,0.0,0.0
jakorian bennett,DB,PHI,3,0.0,0.0,0.0
jaleel mclaughlin,RB,DEN,8,6.0,0.75,13.5
jalen brooks,WR,ARI,5,0.0,0.0,0.0
jalen carter,DT,PHI,12,0.0,0.0,0.0
jalen coker,WR,CAR,11,18.0,1.636,29.5
jalen davis,CB,CIN,6,0.0,0.0,0.0
jalen graham,LB,SF,1,0.0,0.0,0.0
jalen hurts,QB,PHI,16,123.0,7.688,138.4
jalen mcmillan,WR,TB,4,0.0,0.0,0.0
jalen mills,CB,DET,4,0.0,0.0,0.0
jalen milroe,QB,SEA,3,0.0,0.0,0.0
jalen moreno cropper,WR,DAL,2,0.0,0.0,0.0
jalen nailor,WR,MIN,17,24.0,1.412,25.4
jalen pitre,SAF,HOU,14,0.0,0.0,0.0
jalen ramsey,CB,PIT,17,0.0,0.0,0.0
jalen redmond,DL,MIN,17,0.0,0.0,0.0
jalen reeves maybin,LB,CHI,1,0.0,0.0,0.0
jalen rivers,OT,CIN,2,0.0,0.0,0.0
jalen royals,WR,KC,2,0.0,0.0,0.0
jalen sundell,OT,SEA,3,0.0,0.0,0.0
jalen thompson,DB,ARI,15,0.0,0.0,0.0
jalen tolbert,WR,DAL,12,6.0,0.5,9.0
jalen travis,OT,IND,2,0.0,0.0,0.0
jalin hyatt,WR,NYG,6,0.0,0.0,0.0
jalon walker,LB,ATL,14,0.0,0.0,0.0
jalyn armour davis,CB,TEN,10,0.0,0.0,0.0
jalyn holmes,DT,WAS,8,0.0,0.0,0.0
jalyx hunt,LB,PHI,17,0.0,0.0,0.0
jamal adams,LB,LV,17,0.0,0.0,0.0
jamal agnew,WR,ATL,11,0.0,0.0,0.0
jamal hill,LB,HOU,6,0.0,0.0,0.0
jamarcus ingram,CB,HOU,9,0.0,0.0,0.0
jamaree caldwell,DT,LAC,13,0.0,0.0,0.0
jamaree salyer,G,LAC,6,0.0,0.0,0.0
jamari thrash,WR,CLE,8,0.0,0.0,0.0
jamarkis weston,LB,NYJ,2,0.0,0.0,0.0
jamarr chase,WR,CIN,16,48.0,3.0,54.0
jameis winston,QB,NYG,3,18.0,6.0,108.0
jamel dean,CB,TB,13,0.0,0.0,0.0
james conner,RB,ARI,3,12.0,4.0,72.0
james cook,RB,BUF,17,84.0,4.941,88.9
james houston,LB,DAL,16,0.0,0.0,0.0
james hudson,OT,NYG,2,0.0,0.0,0.0
james lynch,DT,TEN,16,0.0,0.0,0.0
james mitchell,TE,CAR,2,0.0,0.0,0.0
james pearce,DE,ATL,15,0.0,0.0,0.0
james pierre,CB,PIT,10,0.0,0.0,0.0
james proche,WR,TEN,6,0.0,0.0,0.0
james williams,LB,TEN,11,0.0,0.0,0.0
james winchester,LS,KC,3,0.0,0.0,0.0
jameson williams,WR,DET,17,42.0,2.471,44.5
jamie gillan,P,NYG,16,0.0,0.0,0.0
jamie sheriff,LB,SEA,1,0.0,0.0,0.0
jamien sherwood,LB,NYJ,17,0.0,0.0,0.0
jamin davis,LB,LV,1,0.0,0.0,0.0
jammie robinson,SAF,ATL,1,0.0,0.0,0.0
jamon johnson,LB,GB,1,0.0,0.0,0.0
jaquan brisker,SAF,CHI,17,0.0,0.0,0.0
jaquan mcmillian,CB,DEN,16,0.0,0.0,0.0
jared goff,QB,DET,17,102.0,6.0,108.0
jared verse,DE,LAR,17,0.0,0.0,0.0
jared wayne,WR,HOU,1,0.0,0.0,0.0
jared wiley,TE,KC,2,0.0,0.0,0.0
jared wilson,C,NE,4,0.0,0.0,0.0
jaret patterson,RB,LAC,6,6.0,1.0,18.0
jarius monroe,SAF,NYJ,2,0.0,0.0,0.0
jarran reed,DT,SEA,12,0.0,0.0,0.0
jarrett patterson,C,HOU,1,0.0,0.0,0.0
jarrett stidham,QB,DEN,1,0.0,0.0,0.0
jarrian jones,CB,JAX,15,0.0,0.0,0.0
jarrick bernard converse,CB,NYG,2,0.0,0.0,0.0
jarvis brownlee,DB,NYJ,8,0.0,0.0,0.0
jasir taylor,CB,NYJ,10,0.0,0.0,0.0
jason brownlee,WR,KC,3,0.0,0.0,0.0
jason marshall,CB,MIA,9,0.0,0.0,0.0
jason myers,K,SEA,17,171.0,10.059,181.1
jason pierre paul,DE,TB,1,0.0,0.0,0.0
jason pinnock,SAF,SF,13,0.0,0.0,0.0
jatavion sanders,TE,CAR,12,6.0,0.5,9.0
jauan jennings,WR,SF,15,54.0,3.6,64.8
javon bullard,SAF,GB,17,0.0,0.0,0.0
javon hargrave,NT,MIN,15,0.0,0.0,0.0
javon kinlaw,DT,WAS,16,0.0,0.0,0.0
javon solomon,LB,BUF,12,0.0,0.0,0.0
javontae jean baptiste,LB,WAS,3,0.0,0.0,0.0
javonte williams,RB,DAL,16,78.0,4.875,87.8
jawaan taylor,OT,KC,6,0.0,0.0,0.0
jawhar jordan,RB,HOU,4,0.0,0.0,0.0
jaxon smith njigba,WR,SEA,17,60.0,3.529,63.5
jaxson dart,QB,NYG,14,99.0,7.071,127.3
jay higgins,LB,BAL,7,0.0,0.0,0.0
jay toia,DT,DAL,3,0.0,0.0,0.0
jay tufele,DT,NYJ,9,0.0,0.0,0.0
jay ward,SAF,MIN,12,0.0,0.0,0.0
jaycee horn,CB,CAR,15,0.0,0.0,0.0
jayden daniels,QB,WAS,7,36.0,5.143,92.6
jayden higgins,WR,HOU,17,36.0,2.118,38.1
jayden reed,WR,GB,5,6.0,1.2,21.6
jaydon blue,RB,DAL,5,6.0,1.2,21.6
jaylahn tuimolaou,DE,IND,11,0.0,0.0,0.0
jaylan ford,LB,NO,9,0.0,0.0,0.0
jaylen harrell,DE,TEN,15,0.0,0.0,0.0
jaylen mccollough,SAF,LAR,17,0.0,0.0,0.0
jaylen reed,SAF,HOU,2,0.0,0.0,0.0
jaylen waddle,WR,MIA,16,36.0,2.25,40.5
jaylen warren,RB,PIT,16,48.0,3.0,54.0
jaylen watson,CB,KC,15,0.0,0.0,0.0
jaylen wright,RB,MIA,9,12.0,1.333,24.0
jaylin lane,WR,WAS,15,0.0,0.0,0.0
jaylin noel,WR,HOU,17,12.0,0.706,12.7
jaylin simpson,CB,GB,1,0.0,0.0,0.0
jaylin smith,CB,HOU,3,0.0,0.0,0.0
jaylinn hawkins,SAF,NE,15,0.0,0.0,0.0
jaylon carlies,LB,IND,1,0.0,0.0,0.0
jaylon johnson,CB,CHI,7,0.0,0.0,0.0
jaylon jones,DB,IND,8,0.0,0.0,0.0
jc latham,OT,TEN,9,0.0,0.0,0.0
jd bertrand,LB,ATL,9,0.0,0.0,0.0
jeff okudah,CB,MIN,6,0.0,0.0,0.0
jeffery simmons,DT,TEN,15,6.0,0.4,7.2
jeffrey bassa,LB,KC,8,0.0,0.0,0.0
jelani woods,TE,NYJ,2,0.0,0.0,0.0
jeremiah moon,LB,PIT,2,0.0,0.0,0.0
jeremiah pharms,DT,NE,3,0.0,0.0,0.0
jeremiah trotter,LB,PHI,13,0.0,0.0,0.0
jeremy chinn,SAF,LV,15,0.0,0.0,0.0
jeremy crawshaw,P,DEN,17,0.0,0.0,0.0
jeremy mcnichols,RB,WAS,16,6.0,0.375,6.8
jeremy reaves,DB,WAS,17,0.0,0.0,0.0
jeremy ruckert,TE,NYJ,14,6.0,0.429,7.7
jermaine eluemunor,G,NYG,9,0.0,0.0,0.0
jermaine johnson,DE,NYJ,14,0.0,0.0,0.0
jerome baker,OLB,CLE,16,0.0,0.0,0.0
jerome ford,RB,CLE,13,0.0,0.0,0.0
jerrick reed,SAF,TEN,4,0.0,0.0,0.0
jerry jeudy,WR,CLE,17,12.0,0.706,12.7
jerry tillery,DT,KC,11,0.0,0.0,0.0
jerzhan newton,DT,WAS,13,0.0,0.0,0.0
jeshaun jones,WR,MIN,1,0.0,0.0,0.0
jessie bates,FS,ATL,17,0.0,0.0,0.0
jevon holland,SAF,NYG,13,0.0,0.0,0.0
jiayir brown,SAF,SF,16,0.0,0.0,0.0
jihaad campbell,LB,PHI,16,0.0,0.0,0.0
jihad ward,LB,TEN,17,0.0,0.0,0.0
jimmy garoppolo,QB,LAR,3,0.0,0.0,0.0
jimmy horn,WR,CAR,10,0.0,0.0,0.0
jj mccarthy,QB,MIN,10,57.0,5.7,102.6
jj pegues,DT,LV,7,0.0,0.0,0.0
jk dobbins,RB,DEN,10,24.0,2.4,43.2
jk scott,P,LAC,16,0.0,0.0,0.0
jl skinner,SAF,DEN,12,0.0,0.0,0.0
joe alt,OT,LAC,1,0.0,0.0,0.0
joe andreessen,LB,BUF,14,0.0,0.0,0.0
joe bachie,LB,TEN,8,0.0,0.0,0.0
joe burrow,QB,CIN,8,51.0,6.375,114.8
joe cardona,LS,MIA,5,0.0,0.0,0.0
joe flacco,QB,CIN,13,51.0,3.923,70.6
joe giles harris,LB,CIN,8,0.0,0.0,0.0
joe huber,G,MIN,2,0.0,0.0,0.0
joe milton,QB,DAL,4,3.0,0.75,13.5
joe noteboom,OT,BAL,1,0.0,0.0,0.0
joe thuney,G,CHI,2,0.0,0.0,0.0
joe tippmann,C,NYJ,7,0.0,0.0,0.0
joe tryon shoyinka,DE,CHI,10,0.0,0.0,0.0
joel bitonio,G,CLE,2,0.0,0.0,0.0
joey bosa,DE,BUF,15,0.0,0.0,0.0
joey porter,CB,PIT,14,0.0,0.0,0.0
joey slye,K,TEN,16,110.0,6.875,123.8
john bates,TE,WAS,10,6.0,0.6,10.8
john bullock,LB,TB,8,0.0,0.0,0.0
john fitzpatrick,TE,GB,11,6.0,0.545,9.8
john franklin myers,DE,DEN,13,0.0,0.0,0.0
john jenkins,DT,BAL,16,0.0,0.0,0.0
john metchie,WR,NYJ,13,12.0,0.923,16.6
john michael schmitz,C,NYG,3,0.0,0.0,0.0
john ojukwu,OT,TEN,1,0.0,0.0,0.0
john parker romo,K,ATL,7,45.0,6.429,115.7
john ridgeway,DT,NO,4,0.0,0.0,0.0
john simpson,G,NYJ,8,0.0,0.0,0.0
johnathan baldwin,SAF,GB,1,0.0,0.0,0.0
johnathan edwards,DB,IND,9,0.0,0.0,0.0
johnny hekker,P,TEN,17,0.0,0.0,0.0
johnny mundt,TE,JAX,12,0.0,0.0,0.0
jon gaines,G,ARI,2,0.0,0.0,0.0
jon rhattigan,LB,LV,6,0.0,0.0,0.0
jon runyan,G,NYG,5,0.0,0.0,0.0
jon weeks,LS,SF,2,0.0,0.0,0.0
jonah elliss,LB,DEN,11,0.0,0.0,0.0
jonah jackson,G,CHI,4,0.0,0.0,0.0
jonah laulu,DT,LV,17,0.0,0.0,0.0
jonah savaiinaea,G,MIA,4,0.0,0.0,0.0
jonah williams,DE,NO,10,0.0,0.0,0.0
jonah williams,OT,ARI,4,0.0,0.0,0.0
jonas sanker,SAF,NO,16,0.0,0.0,0.0
jonathan allen,DE,MIN,17,0.0,0.0,0.0
jonathan bullard,DE,NO,13,0.0,0.0,0.0
jonathan ford,DT,GB,4,0.0,0.0,0.0
jonathan greenard,LB,MIN,12,0.0,0.0,0.0
jonathan jones,DB,WAS,11,0.0,0.0,0.0
jonathan mingo,WR,DAL,5,0.0,0.0,0.0
jonathan owens,SAF,CHI,13,0.0,0.0,0.0
jonathan taylor,RB,IND,17,120.0,7.059,127.1
jonathon cooper,LB,DEN,17,0.0,0.0,0.0
jonnu smith,TE,PIT,17,18.0,1.059,19.1
jordan addison,WR,MIN,14,24.0,1.714,30.9
jordan battle,SAF,CIN,17,0.0,0.0,0.0
jordan burch,LB,ARI,13,0.0,0.0,0.0
jordan clark,CB,NYJ,3,0.0,0.0,0.0
jordan colbert,SAF,MIA,3,0.0,0.0,0.0
jordan davis,DT,PHI,17,0.0,0.0,0.0
jordan elliott,DT,SF,14,0.0,0.0,0.0
jordan fuller,SAF,ATL,2,0.0,0.0,0.0
jordan hancock,CB,BUF,9,0.0,0.0,0.0
jordan howden,SAF,NO,12,0.0,0.0,0.0
jordan jackson,DT,DEN,4,0.0,0.0,0.0
jordan jefferson,DT,CIN,1,0.0,0.0,0.0
jordan love,QB,GB,15,69.0,4.6,82.8
jordan magee,LB,WAS,14,0.0,0.0,0.0
jordan mailata,OT,PHI,5,0.0,0.0,0.0
jordan mason,RB,MIN,16,36.0,2.25,40.5
jordan meredith,G,LV,3,0.0,0.0,0.0
jordan mims,RB,TEN,1,0.0,0.0,0.0
jordan morgan,OT,GB,3,0.0,0.0,0.0
jordan phillips,DT,MIA,14,0.0,0.0,0.0
jordan poyer,FS,BUF,10,0.0,0.0,0.0
jordan stout,P,BAL,17,0.0,0.0,0.0
jordan turner,LB,DEN,4,0.0,0.0,0.0
jordan watkins,WR,SF,2,0.0,0.0,0.0
jordan whittington,WR,LAR,15,0.0,0.0,0.0
jordon riley,DT,GB,1,0.0,0.0,0.0
jordyn brooks,LB,MIA,17,0.0,0.0,0.0
josaiah stewart,LB,LAR,15,0.0,0.0,0.0
joseph ossai,DE,CIN,14,0.0,0.0,0.0
josh allen,QB,BUF,16,159.0,9.938,178.9
josh blackwell,CB,CHI,13,0.0,0.0,0.0
josh butler,DB,DAL,1,0.0,0.0,0.0
josh conerly,OT,WAS,7,0.0,0.0,0.0
josh downs,WR,IND,16,24.0,1.5,27.0
josh fryar,OT,ARI,4,0.0,0.0,0.0
josh harris,LS,LAC,1,0.0,0.0,0.0
josh hayes,DB,TB,13,0.0,0.0,0.0
josh hines allen,DE,JAX,17,0.0,0.0,0.0
josh jacobs,RB,GB,15,84.0,5.6,100.8
josh jobe,CB,SEA,15,0.0,0.0,0.0
josh johnson,QB,WAS,3,9.0,3.0,54.0
josh metellus,SAF,MIN,14,0.0,0.0,0.0
josh myers,C,NYJ,6,0.0,0.0,0.0
josh newton,CB,CIN,11,0.0,0.0,0.0
josh oliver,TE,MIN,12,24.0,2.0,36.0
josh palmer,WR,BUF,12,0.0,0.0,0.0
josh reynolds,WR,NYJ,5,0.0,0.0,0.0
josh simmons,OT,KC,5,0.0,0.0,0.0
josh sweat,LB,ARI,16,0.0,0.0,0.0
josh tupou,DT,BAL,2,0.0,0.0,0.0
josh wallace,CB,LAR,9,0.0,0.0,0.0
josh whyle,TE,GB,6,6.0,1.0,18.0
josh williams,RB,TB,2,0.0,0.0,0.0
josh woods,LB,ATL,7,0.0,0.0,0.0
joshua dobbs,QB,NE,4,0.0,0.0,0.0
joshua farmer,DT,NE,11,0.0,0.0,0.0
joshua karty,K,LAR,8,53.0,6.625,119.2
joshua uche,LB,PHI,11,0.0,0.0,0.0
joshua williams,CB,KC,8,0.0,0.0,0.0
josiah deguara,TE,ARI,7,6.0,0.857,15.4
jourdan lewis,CB,JAX,12,0.0,0.0,0.0
jowon briggs,DE,NYJ,14,0.0,0.0,0.0
jt gray,DB,TB,2,0.0,0.0,0.0
juan thornhill,SAF,PIT,8,0.0,0.0,0.0
juanyeh thomas,SAF,DAL,6,0.0,0.0,0.0
jude mcatamney,K,NYG,4,15.0,3.75,67.5
juice scruggs,C,HOU,3,0.0,0.0,0.0
juju smith schuster,WR,KC,17,6.0,0.353,6.4
julian ashby,LS,NE,6,0.0,0.0,0.0
julian blackmon,SAF,NO,1,0.0,0.0,0.0
julian hill,TE,MIA,11,0.0,0.0,0.0
julian love,SAF,SEA,7,0.0,0.0,0.0
julius brents,CB,MIA,5,0.0,0.0,0.0
julius chestnut,RB,TEN,16,0.0,0.0,0.0
justice hill,RB,BAL,10,18.0,1.8,32.4
justin dedich,OL,LAR,1,0.0,0.0,0.0
justin eboigbe,DT,LAC,15,0.0,0.0,0.0
justin fields,QB,NYJ,9,45.0,5.0,90.0
justin herbert,QB,LAC,16,90.0,5.625,101.2
justin jefferson,WR,MIN,17,12.0,0.706,12.7
justin reid,S,NO,15,0.0,0.0,0.0
justin shorter,TE,LV,3,0.0,0.0,0.0
justin skule,OT,MIN,3,0.0,0.0,0.0
justin strnad,LB,DEN,13,0.0,0.0,0.0
justin watson,WR,HOU,3,0.0,0.0,0.0
juwan johnson,TE,NO,17,18.0,1.059,19.1
kaden davis,WR,CLE,1,0.0,0.0,0.0
kaden elliss,LB,ATL,17,0.0,0.0,0.0
kaevon merriweather,SAF,HOU,7,0.0,0.0,0.0
kai kroeger,P,NO,17,0.0,0.0,0.0
kaiir elam,CB,TEN,11,0.0,0.0,0.0
kaimi fairbairn,K,HOU,15,160.0,10.667,192.0
kain medrano,LB,WAS,4,0.0,0.0,0.0
kaleb johnson,RB,PIT,10,0.0,0.0,0.0
kalel mullings,RB,TEN,4,0.0,0.0,0.0
kalia davis,DT,SF,15,0.0,0.0,0.0
kalif raymond,WR,DET,15,6.0,0.4,7.2
kam curl,SAF,LAR,17,0.0,0.0,0.0
kamal hadden,CB,GB,3,0.0,0.0,0.0
kamari lassiter,CB,HOU,16,0.0,0.0,0.0
kameron johnson,WR,TB,17,6.0,0.353,6.4
kamren kinchens,SAF,LAR,17,0.0,0.0,0.0
kareem hunt,RB,KC,17,54.0,3.176,57.2
karene reid,LB,DEN,4,0.0,0.0,0.0
karl brooks,DT,GB,12,0.0,0.0,0.0
kavontae turpin,WR,DAL,15,12.0,0.8,14.4
kayshon boutte,WR,NE,14,36.0,2.571,46.3
kayvon thibodeaux,LB,NYG,10,0.0,0.0,0.0
keandre lambert smith,WR,LAC,10,6.0,0.6,10.8
keaton mitchell,RB,BAL,13,6.0,0.462,8.3
kedon slovis,QB,ARI,2,0.0,0.0,0.0
keeanu benton,DT,PIT,17,0.0,0.0,0.0
keenan allen,WR,LAC,17,24.0,1.412,25.4
keidron smith,DB,NYJ,1,0.0,0.0,0.0
keion white,DE,SF,13,0.0,0.0,0.0
keisean nixon,DB,GB,17,0.0,0.0,0.0
keith taylor,CB,ATL,1,0.0,0.0,0.0
keitrel clark,CB,ARI,12,0.0,0.0,0.0
kelee ringo,CB,PHI,14,0.0,0.0,0.0
keleki latu,TE,BUF,3,0.0,0.0,0.0
kelvin banks,OT,NO,6,0.0,0.0,0.0
kelvin beachum,OT,ARI,6,0.0,0.0,0.0
kemon hall,DB,TEN,2,0.0,0.0,0.0
kendall milton,RB,CIN,1,0.0,0.0,0.0
kendall sheffield,DB,MIA,1,0.0,0.0,0.0
kendall williamson,SAF,LAC,9,0.0,0.0,0.0
kendell brooks,SAF,TEN,6,0.0,0.0,0.0
kendre miller,RB,NO,7,6.0,0.857,15.4
kendrick bourne,WR,SF,14,0.0,0.0,0.0
kene nwangwu,RB,NYJ,10,0.0,0.0,0.0
kenneth grant,DT,MIA,17,0.0,0.0,0.0
"kenneth murray,",LB,DAL,17,0.0,0.0,0.0
kenneth walker,RB,SEA,17,30.0,1.765,31.8
kenny clark,NT,DAL,16,0.0,0.0,0.0
kenny gainwell,RB,PIT,17,48.0,2.824,50.8
kenny moore,CB,IND,14,0.0,0.0,0.0
kenny pickett,QB,LV,6,3.0,0.5,9.0
kentavius street,DE,ATL,7,0.0,0.0,0.0
keon coleman,WR,BUF,12,24.0,2.0,36.0
keondre jackson,SAF,BAL,10,0.0,0.0,0.0
keonta jenkins,LB,BUF,3,0.0,0.0,0.0
kerby joseph,SAF,DET,6,0.0,0.0,0.0
keshawn williams,WR,CIN,11,0.0,0.0,0.0
kevin austin,WR,NO,5,6.0,1.2,21.6
kevin byard,FS,CHI,17,0.0,0.0,0.0
kevin dotson,G,LAR,2,0.0,0.0,0.0
kevin givens,DT,SF,2,0.0,0.0,0.0
kevin knowles,DB,KC,9,0.0,0.0,0.0
kevin winston,SAF,TEN,8,0.0,0.0,0.0
kevin zeitler,G,TEN,4,0.0,0.0,0.0
keyon martin,CB,BAL,8,0.0,0.0,0.0
khadarel hodge,WR,ATL,8,0.0,0.0,0.0
khalen saunders,DT,NYJ,7,0.0,0.0,0.0
khalid kareem,LB,ATL,4,0.0,0.0,0.0
khalil dorsey,CB,DET,7,0.0,0.0,0.0
khalil herbert,RB,NYJ,5,0.0,0.0,0.0
khalil mack,OLB,LAC,12,0.0,0.0,0.0
khalil shakir,WR,BUF,16,24.0,1.5,27.0
khristian boyd,DT,NO,3,0.0,0.0,0.0
khyiris tonga,DT,NE,11,0.0,0.0,0.0
kimani vidal,RB,LAC,13,24.0,1.846,33.2
kindle vildor,CB,TB,4,0.0,0.0,0.0
kingsley eguakun,C,DET,2,0.0,0.0,0.0
kingsley enagbare,LB,GB,16,0.0,0.0,0.0
kingsley jonathan,DE,NYJ,1,0.0,0.0,0.0
kingsley suamataia,OT,KC,5,0.0,0.0,0.0
kion smith,OT,MIA,1,0.0,0.0,0.0
kirk cousins,QB,ATL,10,36.0,3.6,64.8
kitan crawford,SAF,ARI,11,0.0,0.0,0.0
kitan oladapo,SAF,GB,6,0.0,0.0,0.0
kj britt,LB,MIA,12,0.0,0.0,0.0
klavon chaisson,LB,NE,15,0.0,0.0,0.0
ko kieft,TE,TB,2,0.0,0.0,0.0
kobe king,LB,NYJ,9,0.0,0.0,0.0
kobee minor,DB,NE,1,0.0,0.0,0.0
kobie turner,DE,LAR,17,0.0,0.0,0.0
konata mumpfield,WR,LAR,10,6.0,0.6,10.8
kool aid mckinstry,CB,NO,17,0.0,0.0,0.0
korie black,CB,NYG,5,0.0,0.0,0.0
kris abrams draine,CB,DEN,11,0.0,0.0,0.0
kris jenkins,DT,CIN,12,0.0,0.0,0.0
kristian fulton,CB,KC,6,0.0,0.0,0.0
kristian welch,LB,GB,3,0.0,0.0,0.0
krys barnes,LB,CAR,5,0.0,0.0,0.0
kt leveston,OT,CLE,6,0.0,0.0,0.0
kvon wallace,SAF,HOU,2,0.0,0.0,0.0
kwity paye,DE,IND,16,0.0,0.0,0.0
kyle allen,QB,DET,2,0.0,0.0,0.0
kyle dugger,SAF,PIT,16,0.0,0.0,0.0
kyle hamilton,SAF,BAL,16,0.0,0.0,0.0
kyle juszczyk,FB,SF,16,12.0,0.75,13.5
kyle kennard,LB,LAC,2,0.0,0.0,0.0
kyle monangai,RB,CHI,17,30.0,1.765,31.8
kyle pitts,TE,ATL,17,30.0,1.765,31.8
kyle van noy,MLB,BAL,14,0.0,0.0,0.0
kyle williams,WR,NE,14,18.0,1.286,23.1
kylen granson,TE,PHI,12,0.0,0.0,0.0
kyler gordon,CB,CHI,3,0.0,0.0,0.0
kyler murray,QB,ARI,5,24.0,4.8,86.4
kyren williams,RB,LAR,17,78.0,4.588,82.6
kyu blu kelly,CB,LV,12,0.0,0.0,0.0
kyzir white,OLB,TEN,1,0.0,0.0,0.0
labryan ray,DT,CAR,9,0.0,0.0,0.0
lacale london,DE,ATL,10,0.0,0.0,0.0
ladd mcconkey,WR,LAC,16,36.0,2.25,40.5
laiatu latu,DE,IND,16,0.0,0.0,0.0
lajohntay wester,WR,BAL,14,0.0,0.0,0.0
laken tomlinson,G,HOU,2,0.0,0.0,0.0
lamar jackson,QB,BAL,13,75.0,5.769,103.8
landon dickerson,G,PHI,5,0.0,0.0,0.0
lane johnson,OT,PHI,4,0.0,0.0,0.0
laquon treadwell,WR,IND,6,0.0,0.0,0.0
laremy tunsil,OT,WAS,5,0.0,0.0,0.0
larrell murchison,DT,LAR,7,0.0,0.0,0.0
larry borom,G,MIA,5,0.0,0.0,0.0
larry ogunjobi,DT,BUF,8,0.0,0.0,0.0
lathan ransom,SAF,CAR,15,0.0,0.0,0.0
lavonte david,OLB,TB,17,0.0,0.0,0.0
leki fotu,DT,HOU,6,0.0,0.0,0.0
leo chenal,LB,KC,14,0.0,0.0,0.0
leonard floyd,DE,ATL,12,0.0,0.0,0.0
leonard taylor,DT,NE,5,0.0,0.0,0.0
leonard williams,DE,SEA,16,0.0,0.0,0.0
lequint allen,RB,JAX,16,0.0,0.0,0.0
levi drake rodriguez,DL,MIN,15,0.0,0.0,0.0
lew nichols,RB,PIT,1,0.0,0.0,0.0
liam mccullough,LS,ATL,1,0.0,0.0,0.0
liljordan humphrey,WR,DEN,7,6.0,0.857,15.4
lj collier,DE,ARI,3,0.0,0.0,0.0
ljarius sneed,CB,TEN,7,0.0,0.0,0.0
lloyd cushenberry,C,TEN,3,0.0,0.0,0.0
logan cooke,P,JAX,16,0.0,0.0,0.0
logan hall,DE,TB,17,0.0,0.0,0.0
logan lee,DT,PIT,4,0.0,0.0,0.0
logan wilson,LB,DAL,15,0.0,0.0,0.0
lonnie johnson,SAF,LV,8,0.0,0.0,0.0
loren strickland,SAF,DET,1,0.0,0.0,0.0
lucas havrisik,K,GB,3,19.0,6.333,114.0
lucas krull,TE,DEN,2,0.0,0.0,0.0
lukas van ness,LB,GB,6,0.0,0.0,0.0
luke farrell,TE,SF,13,12.0,0.923,16.6
luke fortner,C,NO,3,0.0,0.0,0.0
luke gifford,LB,SF,14,0.0,0.0,0.0
luke goedeke,OT,TB,4,0.0,0.0,0.0
luke haggard,OT,TB,1,0.0,0.0,0.0
luke mccaffrey,WR,WAS,9,18.0,2.0,36.0
luke musgrave,TE,GB,13,0.0,0.0,0.0
luke rhodes,LS,IND,2,0.0,0.0,0.0
luke schoonmaker,TE,DAL,14,0.0,0.0,0.0
luke wattenberg,C,DEN,3,0.0,0.0,0.0
luke wypler,C,CLE,5,0.0,0.0,0.0
luther burden,WR,CHI,15,12.0,0.8,14.4
maason smith,DT,JAX,11,0.0,0.0,0.0
mac jones,QB,SF,11,39.0,3.545,63.8
mac mcwilliams,CB,PHI,2,0.0,0.0,0.0
mack hollins,WR,NE,14,12.0,0.857,15.4
mack wilson,LB,ARI,8,0.0,0.0,0.0
maema njongmeta,LB,CAR,9,0.0,0.0,0.0
malachi corley,WR,CLE,12,0.0,0.0,0.0
malachi moore,SAF,NYJ,17,0.0,0.0,0.0
malaki starks,SAF,BAL,17,0.0,0.0,0.0
malcolm koonce,DE,LV,15,0.0,0.0,0.0
malcolm roach,DT,DEN,12,0.0,0.0,0.0
malcolm rodriguez,LB,DET,5,0.0,0.0,0.0
maliek collins,DT,CLE,11,0.0,0.0,0.0
malik cunningham,WR,DET,1,0.0,0.0,0.0
malik davis,RB,DAL,10,12.0,1.2,21.6
malik harrison,LB,PIT,10,0.0,0.0,0.0
malik heath,WR,GB,7,0.0,0.0,0.0
malik hooker,FS,DAL,12,0.0,0.0,0.0
malik mustapha,SAF,SF,12,0.0,0.0,0.0
malik nabers,WR,NYG,4,12.0,3.0,54.0
malik turner,WR,SF,2,0.0,0.0,0.0
malik washington,WR,MIA,17,24.0,1.412,25.4
malik willis,QB,GB,4,21.0,5.25,94.5
marcedes lewis,TE,DEN,1,0.0,0.0,0.0
marcelino mccrary ball,LB,NYJ,5,0.0,0.0,0.0
marco wilson,CB,CIN,2,0.0,0.0,0.0
marcus davenport,DE,DET,6,0.0,0.0,0.0
marcus epps,SAF,PHI,9,0.0,0.0,0.0
marcus harris,CB,TEN,11,0.0,0.0,0.0
marcus jones,CB,NE,17,0.0,0.0,0.0
marcus mariota,QB,WAS,10,36.0,3.6,64.8
marcus maye,FS,LAC,1,0.0,0.0,0.0
marcus mbow,G,NYG,2,0.0,0.0,0.0
marcus williams,FS,LAC,3,0.0,0.0,0.0
mario edwards,DE,HOU,9,0.0,0.0,0.0
marist liufau,LB,DAL,13,0.0,0.0,0.0
mark andrews,TE,BAL,17,36.0,2.118,38.1
mark robinson,LB,NYJ,5,0.0,0.0,0.0
markees watts,LB,TB,8,0.0,0.0,0.0
markquese bell,SAF,DAL,15,0.0,0.0,0.0
marlon davidson,DE,HOU,1,0.0,0.0,0.0
marlon humphrey,CB,BAL,15,0.0,0.0,0.0
marlon tuipulotu,DT,KC,1,0.0,0.0,0.0
marlowe wax,LB,LAC,12,0.0,0.0,0.0
marques sigle,SAF,SF,13,0.0,0.0,0.0
marquez valdes scantling,WR,PIT,9,6.0,0.667,12.0
marquise brown,WR,KC,16,30.0,1.875,33.8
marshawn kneeland,DE,DAL,7,0.0,0.0,0.0
marshon lattimore,CB,WAS,9,0.0,0.0,0.0
marte mapu,LB,NE,15,0.0,0.0,0.0
marvin harrison,WR,ARI,12,24.0,2.0,36.0
marvin mims,WR,DEN,15,12.0,0.8,14.4
mason graham,DT,CLE,17,0.0,0.0,0.0
mason kinsey,WR,TEN,6,0.0,0.0,0.0
mason mccormick,G,PIT,1,0.0,0.0,0.0
mason rudolph,QB,PIT,5,6.0,1.2,21.6
mason taylor,TE,NYJ,13,6.0,0.462,8.3
mason tipton,WR,NO,8,0.0,0.0,0.0
matt araiza,P,KC,17,0.0,0.0,0.0
matt dickerson,DE,JAX,5,0.0,0.0,0.0
matt gay,K,SF,12,77.0,6.417,115.5
matt goncalves,G,IND,5,0.0,0.0,0.0
matt haack,P,ARI,7,0.0,0.0,0.0
matt milano,OLB,BUF,12,0.0,0.0,0.0
matt peart,OT,DEN,1,0.0,0.0,0.0
matt prater,K,BUF,15,100.0,6.667,120.0
matthew bergeron,OL,ATL,4,0.0,0.0,0.0
matthew butler,DT,MIA,10,0.0,0.0,0.0
matthew golden,WR,GB,14,0.0,0.0,0.0
matthew judon,OLB,MIA,11,0.0,0.0,0.0
matthew orzech,LS,GB,3,0.0,0.0,0.0
matthew stafford,QB,LAR,17,138.0,8.118,146.1
matthew wright,K,HOU,4,19.0,4.75,85.5
maurice hurst,DT,CLE,2,0.0,0.0,0.0
max brosmer,QB,MIN,7,0.0,0.0,0.0
max melton,CB,ARI,9,0.0,0.0,0.0
max mitchell,OT,NYJ,1,0.0,0.0,0.0
maxwell hairston,CB,BUF,8,0.0,0.0,0.0
maxx crosby,DE,LV,15,0.0,0.0,0.0
mazi smith,DT,DAL,3,0.0,0.0,0.0
mckinnley jackson,DT,CIN,4,0.0,0.0,0.0
mecole hardman,WR,BUF,2,0.0,0.0,0.0
mekhi becton,G,LAC,4,0.0,0.0,0.0
mekhi blackmon,DB,IND,17,0.0,0.0,0.0
mekhi wingo,DT,DET,2,0.0,0.0,0.0
micah mcfadden,LB,NYG,1,0.0,0.0,0.0
micah parsons,LB,GB,14,0.0,0.0,0.0
micah robinson,CB,TEN,6,0.0,0.0,0.0
michael bandy,WR,DEN,4,6.0,1.5,27.0
michael carter,CB,PHI,7,0.0,0.0,0.0
michael carter,RB,ARI,13,6.0,0.462,8.3
michael danna,LB,KC,12,0.0,0.0,0.0
michael davis,CB,NO,5,0.0,0.0,0.0
michael dickson,P,SEA,16,0.0,0.0,0.0
michael hoecht,LB,BUF,2,0.0,0.0,0.0
michael jurgens,G,MIN,1,0.0,0.0,0.0
michael mayer,TE,LV,13,6.0,0.462,8.3
michael penix,QB,ATL,9,33.0,3.667,66.0
michael pittman,WR,IND,17,42.0,2.471,44.5
michael wilson,WR,ARI,17,42.0,2.471,44.5
micheal clemons,DE,NYJ,13,0.0,0.0,0.0
mike badgley,K,BUF,9,53.0,5.889,106.0
mike brown,SAF,TEN,4,0.0,0.0,0.0
mike caliendo,G,KC,4,0.0,0.0,0.0
mike edwards,SAF,KC,4,0.0,0.0,0.0
mike evans,WR,TB,8,18.0,2.25,40.5
mike ford,DB,ATL,10,0.0,0.0,0.0
mike gesicki,TE,CIN,12,12.0,1.0,18.0
mike green,LB,BAL,17,0.0,0.0,0.0
mike hall,DT,CLE,7,0.0,0.0,0.0
mike hilton,CB,IND,2,0.0,0.0,0.0
mike hughes,CB,ATL,11,0.0,0.0,0.0
mike jackson,CB,CAR,17,0.0,0.0,0.0
mike jordan,G,TB,1,0.0,0.0,0.0
mike mcglinchey,OT,DEN,7,0.0,0.0,0.0
mike morris,DE,SEA,11,0.0,0.0,0.0
mike onwenu,G,NE,3,0.0,0.0,0.0
mike pennel,DT,KC,13,0.0,0.0,0.0
mike sainristil,CB,WAS,17,0.0,0.0,0.0
miles battle,CB,NE,1,0.0,0.0,0.0
miles frazier,G,DET,1,0.0,0.0,0.0
miles killebrew,SAF,PIT,4,0.0,0.0,0.0
miles sanders,RB,DAL,4,6.0,1.5,27.0
milton williams,DT,NE,11,0.0,0.0,0.0
minkah fitzpatrick,FS,MIA,14,0.0,0.0,0.0
mitch wishnowsky,P,BUF,12,0.0,0.0,0.0
mitchell evans,TE,CAR,14,12.0,0.857,15.4
mitchell fraboni,LS,DEN,5,0.0,0.0,0.0
mitchell tinsley,WR,CIN,8,12.0,1.5,27.0
mitchell trubisky,QB,BUF,4,12.0,3.0,54.0
mj stewart,SAF,HOU,7,0.0,0.0,0.0
mo alie cox,TE,IND,11,6.0,0.545,9.8
mohamoud diabate,LB,CLE,15,0.0,0.0,0.0
moliki matavao,TE,NO,1,0.0,0.0,0.0
montaric brown,CB,JAX,14,0.0,0.0,0.0
montez sweat,DE,CHI,17,0.0,0.0,0.0
monty rice,LB,DET,1,0.0,0.0,0.0
morgan moses,OT,NE,4,0.0,0.0,0.0
moro ojomo,DT,PHI,17,0.0,0.0,0.0
mykal walker,LB,NYJ,12,0.0,0.0,0.0
mykel williams,DE,SF,9,0.0,0.0,0.0
myles bryant,CB,HOU,8,0.0,0.0,0.0
myles garrett,DE,CLE,17,0.0,0.0,0.0
myles gaskin,RB,SEA,1,0.0,0.0,0.0
myles harden,CB,CLE,16,0.0,0.0,0.0
myles murphy,DE,CIN,15,0.0,0.0,0.0
myles price,WR,MIN,16,0.0,0.0,0.0
nahshon wright,CB,CHI,17,0.0,0.0,0.0
najee harris,RB,LAC,3,0.0,0.0,0.0
nakobe dean,LB,PHI,9,0.0,0.0,0.0
naquan jones,DT,HOU,8,0.0,0.0,0.0
nate adkins,TE,DEN,6,6.0,1.0,18.0
nate carter,RB,ATL,2,0.0,0.0,0.0
nate hobbs,CB,GB,8,0.0,0.0,0.0
nate landman,LB,LAR,17,0.0,0.0,0.0
nate wiggins,CB,BAL,17,0.0,0.0,0.0
nathan shepherd,DE,NO,16,0.0,0.0,0.0
nathan thomas,OT,DAL,4,0.0,0.0,0.0
natrone brooks,DB,ATL,10,0.0,0.0,0.0
nazeeh johnson,CB,KC,1,0.0,0.0,0.0
nazir stackhouse,DT,GB,7,0.0,0.0,0.0
nehemiah pritchett,CB,SEA,9,0.0,0.0,0.0
nephi sewell,LB,NO,1,0.0,0.0,0.0
neville gallimore,DT,IND,15,0.0,0.0,0.0
neville hewitt,LB,NYG,8,0.0,0.0,0.0
nic jones,CB,NYG,6,0.0,0.0,0.0
nic scourton,LB,CAR,15,0.0,0.0,0.0
nick allegretti,G,WAS,2,0.0,0.0,0.0
nick bellore,LB,WAS,8,0.0,0.0,0.0
nick bolton,LB,KC,17,0.0,0.0,0.0
nick bosa,DE,SF,3,0.0,0.0,0.0
nick chubb,RB,HOU,15,18.0,1.2,21.6
nick cross,SAF,IND,17,0.0,0.0,0.0
nick emmanwori,SAF,SEA,14,0.0,0.0,0.0
nick folk,K,NYJ,16,106.0,6.625,119.2
nick hampton,LB,LAR,5,0.0,0.0,0.0
nick herbig,LB,PIT,15,0.0,0.0,0.0
nick jackson,LB,TB,2,0.0,0.0,0.0
nick kallerup,TE,SEA,4,0.0,0.0,0.0
nick martin,LB,SF,4,0.0,0.0,0.0
nick mccloud,CB,CHI,10,0.0,0.0,0.0
nick mullens,QB,JAX,4,0.0,0.0,0.0
nick niemann,LB,GB,5,0.0,0.0,0.0
nick scott,SAF,CAR,17,0.0,0.0,0.0
nick westbrook ikhine,WR,MIA,13,0.0,0.0,0.0
nick whiteside,DB,DET,3,0.0,0.0,0.0
nico collins,WR,HOU,15,42.0,2.8,50.4
nik bonitto,LB,DEN,17,0.0,0.0,0.0
nikko reed,DB,LAC,3,0.0,0.0,0.0
nikko remigio,WR,KC,14,0.0,0.0,0.0
nikola kalinic,TE,CHI,2,0.0,0.0,0.0
nnamdi madubuike,DT,BAL,2,0.0,0.0,0.0
noah brown,WR,WAS,4,0.0,0.0,0.0
noah fant,TE,CIN,13,18.0,1.385,24.9
noah gray,TE,KC,14,0.0,0.0,0.0
noah igbinoghene,CB,WAS,10,0.0,0.0,0.0
noah sewell,LB,CHI,13,0.0,0.0,0.0
nohl williams,CB,KC,16,0.0,0.0,0.0
nolan smith,LB,PHI,12,0.0,0.0,0.0
nyheim hines,RB,NO,4,0.0,0.0,0.0
ocyrus torrence,G,BUF,1,0.0,0.0,0.0
odafe oweh,LB,LAC,17,0.0,0.0,0.0
olamide zaccheaus,WR,CHI,14,12.0,0.857,15.4
olisaemeka udoh,OT,TEN,3,0.0,0.0,0.0
ollie gordon,RB,MIA,17,24.0,1.412,25.4
olu oluwatimi,C,SEA,1,0.0,0.0,0.0
olumuyiwa fashanu,OT,NYJ,2,0.0,0.0,0.0
oluwafemi oladejo,DE,TEN,6,0.0,0.0,0.0
omar speights,LB,LAR,16,0.0,0.0,0.0
omarion hampton,RB,LAC,9,30.0,3.333,60.0
omarr norman lott,DT,KC,2,0.0,0.0,0.0
oren burks,ILB,CIN,17,0.0,0.0,0.0
orlando brown,OT,CIN,6,0.0,0.0,0.0
oronde gadsden,TE,LAC,15,18.0,1.2,21.6
osa odighizuwa,DT,DAL,17,0.0,0.0,0.0
otito ogbonnia,DT,LAC,5,0.0,0.0,0.0
owen pappoe,LB,ARI,13,0.0,0.0,0.0
owen wright,RB,TB,2,0.0,0.0,0.0
ozzy trapilo,OT,CHI,2,0.0,0.0,0.0
paris johnson,OT,ARI,5,0.0,0.0,0.0
parker washington,WR,JAX,16,30.0,1.875,33.8
parris campbell,WR,DAL,1,0.0,0.0,0.0
parry nickerson,CB,PHI,1,0.0,0.0,0.0
pat bryant,WR,DEN,13,6.0,0.462,8.3
pat freiermuth,TE,PIT,15,24.0,1.6,28.8
pat oconnor,DE,DET,7,0.0,0.0,0.0
pat odonnell,P,ARI,5,0.0,0.0,0.0
pat surtain,CB,DEN,14,0.0,0.0,0.0
patrick johnson,DE,PHI,5,0.0,0.0,0.0
patrick jones,LB,CAR,4,0.0,0.0,0.0
patrick mahomes,QB,KC,14,96.0,6.857,123.4
patrick mekari,OT,JAX,8,0.0,0.0,0.0
patrick oconnell,LB,SEA,6,0.0,0.0,0.0
patrick paul,OT,MIA,6,0.0,0.0,0.0
patrick queen,LB,PIT,17,0.0,0.0,0.0
patrick ricard,RB,BAL,5,0.0,0.0,0.0
paulson adebo,CB,NYG,12,0.0,0.0,0.0
payne durham,TE,TB,8,0.0,0.0,0.0
payton page,DT,NYJ,2,0.0,0.0,0.0
payton wilson,LB,PIT,17,0.0,0.0,0.0
penei sewell,OT,DET,2,0.0,0.0,0.0
percy butler,SAF,WAS,11,0.0,0.0,0.0
perrion winfrey,DT,DAL,1,0.0,0.0,0.0
pete werner,LB,NO,17,0.0,0.0,0.0
peter skoronski,OT,TEN,4,0.0,0.0,0.0
pharaoh brown,TE,ARI,5,0.0,0.0,0.0
phidarian mathis,DT,BUF,5,0.0,0.0,0.0
phil mafah,RB,DAL,1,6.0,6.0,108.0
philip rivers,QB,IND,3,12.0,4.0,72.0
pj jules,SAF,CIN,9,0.0,0.0,0.0
pj locke,DB,DEN,8,0.0,0.0,0.0
pj mustipher,DT,ARI,13,0.0,0.0,0.0
poona ford,DT,LAR,16,0.0,0.0,0.0
preston smith,DE,WAS,12,0.0,0.0,0.0
princely umanmielen,LB,CAR,14,0.0,0.0,0.0
princeton fant,TE,DAL,1,0.0,0.0,0.0
puka nacua,WR,LAR,16,66.0,4.125,74.2
quan martin,SAF,WAS,17,0.0,0.0,0.0
quandre diggs,S,TEN,8,0.0,0.0,0.0
quay walker,LB,GB,14,0.0,0.0,0.0
que robinson,LB,DEN,6,0.0,0.0,0.0
quentin johnston,WR,LAC,13,48.0,3.692,66.5
quentin lake,SAF,LAR,10,0.0,0.0,0.0
quentin skinner,WR,NYJ,1,0.0,0.0,0.0
quenton nelson,G,IND,2,0.0,0.0,0.0
quincy riley,CB,NO,16,0.0,0.0,0.0
quincy williams,LB,NYJ,13,0.0,0.0,0.0
quinn ewers,QB,MIA,4,9.0,2.25,40.5
quinn meinerz,C,DEN,2,0.0,0.0,0.0
quinnen williams,DT,DAL,15,0.0,0.0,0.0
quinshon judkins,RB,CLE,14,42.0,3.0,54.0
quintin morris,TE,JAX,11,6.0,0.545,9.8
quinton bell,LB,MIA,4,0.0,0.0,0.0
quinton bohanna,DT,GB,3,0.0,0.0,0.0
quinyon mitchell,CB,PHI,16,0.0,0.0,0.0
qwantez stiggers,DB,NYJ,11,0.0,0.0,0.0
rachaad white,RB,TB,17,24.0,1.412,25.4
raheem layne,SAF,NYG,3,0.0,0.0,0.0
raheem mostert,RB,LV,12,0.0,0.0,0.0
raheim sanders,RB,CLE,4,6.0,1.5,27.0
rakeem nunez roches,DT,NYG,9,0.0,0.0,0.0
rashad wisdom,SAF,TB,3,0.0,0.0,0.0
rashan gary,LB,GB,16,0.0,0.0,0.0
rashee rice,WR,KC,8,36.0,4.5,81.0
rasheed walker,OT,GB,4,0.0,0.0,0.0
rasheen ali,RB,BAL,15,6.0,0.4,7.2
rashid shaheed,WR,SEA,18,12.0,0.667,12.0
rashod bateman,WR,BAL,13,12.0,0.923,16.6
rasul douglas,CB,MIA,15,0.0,0.0,0.0
ray davis,RB,BUF,17,12.0,0.706,12.7
ray ray mccloud,WR,NYG,6,0.0,0.0,0.0
rayshawn jenkins,DB,CLE,16,0.0,0.0,0.0
rayuan lane,SAF,JAX,14,0.0,0.0,0.0
reddy steward,DB,DAL,16,0.0,0.0,0.0
reed blankenship,SAF,PHI,16,0.0,0.0,0.0
reese taylor,DB,DEN,2,0.0,0.0,0.0
reggie gilliam,RB,BUF,11,0.0,0.0,0.0
reid ferguson,LS,BUF,1,0.0,0.0,0.0
renardo green,CB,SF,14,0.0,0.0,0.0
reuben lowery,SAF,BAL,1,0.0,0.0,0.0
rex sunahara,LS,CLE,6,0.0,0.0,0.0
rhamondre stevenson,RB,NE,14,54.0,3.857,69.4
richie grant,SAF,NE,1,0.0,0.0,0.0
ricky barber,DT,WAS,1,0.0,0.0,0.0
ricky pearsall,WR,SF,9,0.0,0.0,0.0
rico dowdle,RB,CAR,17,42.0,2.471,44.5
rico payton,CB,NYG,4,0.0,0.0,0.0
rigoberto sanchez,P,IND,15,0.0,0.0,0.0
riley dixon,P,TB,17,0.0,0.0,0.0
riley leonard,QB,IND,5,18.0,3.6,64.8
riley moss,CB,DEN,17,0.0,0.0,0.0
riley patterson,K,MIA,17,115.0,6.765,121.8
riq woolen,CB,SEA,15,0.0,0.0,0.0
river cracraft,WR,WAS,2,0.0,0.0,0.0
rj harvey,RB,DEN,17,72.0,4.235,76.2
rj mickens,SAF,LAC,10,0.0,0.0,0.0
rob havenstein,OT,LAR,1,0.0,0.0,0.0
robbie chosen,WR,WAS,3,0.0,0.0,0.0
robbie ouzts,RB,SEA,4,0.0,0.0,0.0
robert beal,DE,SF,5,0.0,0.0,0.0
robert hainsey,OT,JAX,5,0.0,0.0,0.0
robert hunt,OT,CAR,1,0.0,0.0,0.0
robert rochell,CB,CAR,4,0.0,0.0,0.0
robert spillane,LB,NE,13,0.0,0.0,0.0
robert tonyan,TE,KC,2,0.0,0.0,0.0
rock ya sin,CB,DET,15,0.0,0.0,0.0
rodney thomas,SAF,IND,11,0.0,0.0,0.0
roger mccreary,CB,LAR,10,0.0,0.0,0.0
roger rosengarten,OT,BAL,4,0.0,0.0,0.0
roman wilson,WR,PIT,9,12.0,1.333,24.0
rome odunze,WR,CHI,12,36.0,3.0,54.0
romeo doubs,WR,GB,16,36.0,2.25,40.5
ronnie bell,WR,NO,2,6.0,3.0,54.0
ronnie harrison,LB,ATL,9,0.0,0.0,0.0
ronnie hickman,SAF,CLE,17,0.0,0.0,0.0
ronnie rivers,RB,LAR,6,0.0,0.0,0.0
ronnie stanley,OT,BAL,4,0.0,0.0,0.0
roquan smith,ILB,BAL,15,0.0,0.0,0.0
roschon johnson,RB,CHI,6,0.0,0.0,0.0
ross dwelley,TE,DET,4,0.0,0.0,0.0
ross matiscik,LS,JAX,3,0.0,0.0,0.0
roy lopez,DT,DET,14,0.0,0.0,0.0
roy robertson harris,DE,NYG,15,0.0,0.0,0.0
ruben hyppolite,LB,CHI,3,0.0,0.0,0.0
ruke orhorhoro,DT,ATL,16,0.0,0.0,0.0
russell wilson,QB,NYG,6,9.0,1.5,27.0
ryan fitzgerald,K,CAR,17,99.0,5.824,104.8
ryan flournoy,WR,DAL,15,24.0,1.6,28.8
ryan kelly,C,MIN,1,0.0,0.0,0.0
ryan miller,WR,TB,9,6.0,0.667,12.0
ryan neuzil,G,ATL,5,0.0,0.0,0.0
ryan rehkow,P,CIN,17,0.0,0.0,0.0
ryan van demark,OT,BUF,1,0.0,0.0,0.0
ryan wright,P,MIN,17,0.0,0.0,0.0
rylie mills,DT,SEA,2,0.0,0.0,0.0
saivion jones,DE,DEN,1,0.0,0.0,0.0
sal cannella,TE,CLE,2,0.0,0.0,0.0
sam cosmi,OT,WAS,2,0.0,0.0,0.0
sam darnold,QB,SEA,17,75.0,4.412,79.4
sam franklin,SAF,BUF,12,0.0,0.0,0.0
sam kamara,DT,CLE,3,0.0,0.0,0.0
sam laporta,TE,DET,9,18.0,2.0,36.0
sam martin,P,CAR,17,0.0,0.0,0.0
sam okuayinonu,DT,SF,14,0.0,0.0,0.0
sam roberts,DE,ATL,5,0.0,0.0,0.0
sam webb,CB,CLE,3,0.0,0.0,0.0
sam williams,LB,DAL,16,0.0,0.0,0.0
samaje perine,RB,CIN,15,18.0,1.2,21.6
samori toure,WR,NO,1,0.0,0.0,0.0
samson ebukam,DE,IND,14,0.0,0.0,0.0
samuel womack,CB,NYJ,3,0.0,0.0,0.0
sanoussi kane,SAF,TEN,3,0.0,0.0,0.0
saquon barkley,RB,PHI,16,54.0,3.375,60.8
sauce gardner,CB,IND,10,0.0,0.0,0.0
savion williams,WR,GB,12,6.0,0.5,9.0
scott daly,LS,CHI,3,0.0,0.0,0.0
scott matlock,DT,LAC,4,6.0,1.5,27.0
scott miller,WR,PIT,5,0.0,0.0,0.0
sean rhyan,OT,GB,5,0.0,0.0,0.0
sean tucker,RB,TB,17,48.0,2.824,50.8
sebastian castro,SAF,PIT,4,0.0,0.0,0.0
sebastian joseph day,DT,TEN,15,0.0,0.0,0.0
sedrick van pran granger,C,BUF,1,0.0,0.0,0.0
segun olubi,LB,IND,10,0.0,0.0,0.0
shaka heyward,LB,CIN,9,0.0,0.0,0.0
shane buechele,QB,KC,1,0.0,0.0,0.0
shane zylstra,TE,DET,1,0.0,0.0,0.0
shaq thompson,OLB,BUF,12,0.0,0.0,0.0
shaquill griffin,CB,SEA,1,0.0,0.0,0.0
shaun dolac,LB,LAR,12,0.0,0.0,0.0
shavon revel,CB,DAL,7,0.0,0.0,0.0
shedeur sanders,QB,CLE,8,27.0,3.375,60.8
shedrick jackson,WR,LV,3,6.0,2.0,36.0
shelby harris,DE,CLE,17,0.0,0.0,0.0
sheldon day,DT,WAS,7,0.0,0.0,0.0
sheldon rankins,DT,HOU,15,0.0,0.0,0.0
shemar bartholomew,CB,GB,1,0.0,0.0,0.0
shemar james,LB,DAL,14,0.0,0.0,0.0
shemar stewart,DE,CIN,6,0.0,0.0,0.0
shemar turner,DT,CHI,2,0.0,0.0,0.0
shy tuttle,DT,WAS,9,0.0,0.0,0.0
simi fehoko,WR,ARI,7,0.0,0.0,0.0
sione takitaki,LB,MIN,2,0.0,0.0,0.0
sione vaki,RB,DET,8,0.0,0.0,0.0
siran neal,DB,SF,13,0.0,0.0,0.0
sirvocea dennis,LB,TB,16,0.0,0.0,0.0
skyy moore,WR,SF,17,0.0,0.0,0.0
smael mondon,LB,PHI,8,0.0,0.0,0.0
solomon thomas,DE,DAL,13,0.0,0.0,0.0
spencer anderson,G,PIT,4,0.0,0.0,0.0
spencer brown,OT,BUF,4,0.0,0.0,0.0
spencer burford,G,SF,2,0.0,0.0,0.0
spencer rattler,QB,NO,9,24.0,2.667,48.0
spencer shrader,K,IND,5,53.0,10.6,190.8
stefon diggs,WR,NE,17,24.0,1.412,25.4
sterling shepard,WR,TB,13,6.0,0.462,8.3
steve avila,G,LAR,1,0.0,0.0,0.0
steven sims,WR,ARI,3,0.0,0.0,0.0
stone forsythe,OT,LV,4,0.0,0.0,0.0
stone smartt,TE,NYJ,6,0.0,0.0,0.0
storm duck,CB,MIA,1,0.0,0.0,0.0
swayze bozeman,LB,NYG,4,0.0,0.0,0.0
sydney brown,SAF,PHI,15,0.0,0.0,0.0
tahj brooks,RB,CIN,12,0.0,0.0,0.0
tahj washington,WR,MIA,2,0.0,0.0,0.0
tai felton,WR,MIN,12,0.0,0.0,0.0
taki taimani,DL,MIN,1,0.0,0.0,0.0
talanoa hufanga,SAF,DEN,17,0.0,0.0,0.0
taliese fuaga,OT,NO,5,0.0,0.0,0.0
tank bigsby,RB,PHI,15,12.0,0.8,14.4
tanner conner,TE,MIA,8,0.0,0.0,0.0
tanner hudson,TE,CIN,10,12.0,1.2,21.6
tanner ingle,SAF,LAR,2,0.0,0.0,0.0
tanner mckee,QB,PHI,4,3.0,0.75,13.5
tanoh kpassagnon,DE,CHI,4,0.0,0.0,0.0
tanor bortolini,G,IND,5,0.0,0.0,0.0
taquon graham,DT,ATL,1,0.0,0.0,0.0
tarheeb still,CB,LAC,15,0.0,0.0,0.0
taron johnson,CB,BUF,13,0.0,0.0,0.0
tate ratledge,G,DET,5,0.0,0.0,0.0
tatum bethune,LB,SF,12,0.0,0.0,0.0
taven bryan,DT,BAL,2,0.0,0.0,0.0
tavierre thomas,SAF,MIN,14,0.0,0.0,0.0
tavius robinson,LB,BAL,9,0.0,0.0,0.0
tay martin,WR,WAS,2,0.0,0.0,0.0
taylor decker,OT,DET,4,0.0,0.0,0.0
taylor moton,OT,CAR,5,0.0,0.0,0.0
taylor rapp,SAF,BUF,6,0.0,0.0,0.0
taysom hill,TE,NO,13,9.0,0.692,12.5
teagan quitoriano,TE,ATL,2,0.0,0.0,0.0
teair tart,DT,LAC,17,0.0,0.0,0.0
ted karras,G,CIN,3,0.0,0.0,0.0
tedarrell slaton,DT,CIN,15,0.0,0.0,0.0
teddy bridgewater,QB,TB,3,0.0,0.0,0.0
teddye buchanan,LB,BAL,14,0.0,0.0,0.0
tee higgins,WR,CIN,15,66.0,4.4,79.2
terence steele,OT,DAL,3,0.0,0.0,0.0
terrance ferguson,TE,LAR,11,18.0,1.636,29.5
terrel bernard,LB,BUF,12,0.0,0.0,0.0
terrell burgess,SAF,NO,11,0.0,0.0,0.0
terrell jennings,RB,NE,6,6.0,1.0,18.0
terrion arnold,CB,DET,8,0.0,0.0,0.0
terry mclaurin,WR,WAS,10,18.0,1.8,32.4
tershawn wharton,DE,CAR,9,0.0,0.0,0.0
tetairoa mcmillan,WR,CAR,17,42.0,2.471,44.5
teven jenkins,G,CLE,1,0.0,0.0,0.0
tez johnson,WR,TB,15,30.0,2.0,36.0
theo benedet,OL,CHI,5,0.0,0.0,0.0
theo jackson,DB,MIN,12,0.0,0.0,0.0
theo johnson,TE,NYG,15,30.0,2.0,36.0
theo wease,WR,MIA,3,6.0,2.0,36.0
thomas booker,DT,LV,17,0.0,0.0,0.0
thomas fidone,TE,NYG,1,0.0,0.0,0.0
thomas harper,SAF,DET,10,0.0,0.0,0.0
thomas hennessy,LS,NYJ,2,0.0,0.0,0.0
thomas incoom,LB,CAR,15,0.0,0.0,0.0
thomas morstead,P,SF,15,0.0,0.0,0.0
tim jones,WR,JAX,2,0.0,0.0,0.0
tim patrick,WR,JAX,13,18.0,1.385,24.9
tim settle,DT,HOU,10,0.0,0.0,0.0
tip reiman,TE,ARI,3,0.0,0.0,0.0
tj bass,OT,DAL,2,0.0,0.0,0.0
tj edwards,LB,CHI,10,0.0,0.0,0.0
tj hockenson,TE,MIN,15,18.0,1.2,21.6
tj maguranyanga,DE,WAS,1,0.0,0.0,0.0
tj sanders,DT,BUF,10,0.0,0.0,0.0
tj tampa,CB,BAL,16,0.0,0.0,0.0
tj watt,OLB,PIT,14,0.0,0.0,0.0
tom kennedy,WR,DET,6,0.0,0.0,0.0
tommy eichenberg,LB,LV,14,0.0,0.0,0.0
tommy togiai,DT,HOU,15,0.0,0.0,0.0
tommy townsend,P,HOU,17,0.0,0.0,0.0
tommy tremble,TE,CAR,15,12.0,0.8,14.4
tomon fox,LB,NYG,5,0.0,0.0,0.0
tonka hemingway,DT,LV,7,0.0,0.0,0.0
tony adams,SAF,NYJ,10,0.0,0.0,0.0
tony jefferson,S,LAC,12,0.0,0.0,0.0
tony pollard,RB,TEN,17,30.0,1.765,31.8
torricelli simpkins,OL,NO,3,0.0,0.0,0.0
tory horton,WR,SEA,8,30.0,3.75,67.5
tory taylor,P,CHI,17,0.0,0.0,0.0
travis etienne,RB,JAX,17,78.0,4.588,82.6
travis homer,RB,CHI,8,0.0,0.0,0.0
travis hunter,CB,JAX,7,6.0,0.857,15.4
travis jones,DT,BAL,16,0.0,0.0,0.0
travis kelce,TE,KC,17,30.0,1.765,31.8
travis vokolek,TE,ARI,1,0.0,0.0,0.0
travon walker,DE,JAX,14,0.0,0.0,0.0
trayveon williams,RB,CLE,6,0.0,0.0,0.0
tre avery,CB,CLE,8,0.0,0.0,0.0
tre brown,CB,NYJ,2,0.0,0.0,0.0
tre harris,WR,LAC,16,6.0,0.375,6.8
tre tucker,WR,LV,17,30.0,1.765,31.8
tredavious white,CB,BUF,16,0.0,0.0,0.0
tremaine edmunds,MLB,CHI,13,0.0,0.0,0.0
tremon smith,CB,HOU,15,0.0,0.0,0.0
trent brown,OT,HOU,4,0.0,0.0,0.0
trent mcduffie,CB,KC,13,0.0,0.0,0.0
trent scott,OT,WAS,1,0.0,0.0,0.0
trent sherfield,WR,ARI,4,0.0,0.0,0.0
trent sieg,LS,DAL,2,0.0,0.0,0.0
trent williams,OT,SF,5,0.0,0.0,0.0
trenton simpson,LB,BAL,15,0.0,0.0,0.0
tress way,P,WAS,17,0.0,0.0,0.0
treveyon henderson,RB,NE,17,60.0,3.529,63.5
trevian thomas,SAF,CAR,1,0.0,0.0,0.0
trevin wallace,LB,CAR,12,0.0,0.0,0.0
trevis gipson,LB,CAR,10,0.0,0.0,0.0
trevon diggs,CB,GB,9,0.0,0.0,0.0
trevon moehrig,SAF,CAR,16,0.0,0.0,0.0
trevor etienne,RB,CAR,17,0.0,0.0,0.0
trevor lawrence,QB,JAX,17,141.0,8.294,149.3
trevor nowaske,LB,DET,13,0.0,0.0,0.0
trevor penning,OT,LAC,5,0.0,0.0,0.0
trey amos,CB,WAS,10,0.0,0.0,0.0
trey benson,RB,ARI,4,0.0,0.0,0.0
trey hendrickson,LB,CIN,7,0.0,0.0,0.0
trey lance,QB,LAC,4,0.0,0.0,0.0
trey mcbride,TE,ARI,17,66.0,3.882,69.9
trey pipkins,OT,LAC,5,0.0,0.0,0.0
trey sermon,RB,PIT,3,0.0,0.0,0.0
trey smith,G,KC,2,0.0,0.0,0.0
trey washington,SAF,IND,2,0.0,0.0,0.0
treylon burks,WR,WAS,8,6.0,0.75,13.5
trikweze bridges,DB,DAL,8,0.0,0.0,0.0
tristan wirfs,OT,TB,4,6.0,1.5,27.0
tristin mccollum,DB,LV,9,0.0,0.0,0.0
troy dye,LB,LAC,15,0.0,0.0,0.0
troy fautanu,OT,PIT,2,0.0,0.0,0.0
troy franklin,WR,DEN,17,36.0,2.118,38.1
troy reeder,LB,LAR,14,0.0,0.0,0.0
truman jones,DE,TEN,5,0.0,0.0,0.0
tua tagovailoa,QB,MIA,14,60.0,4.286,77.1
tucker fisk,TE,LAC,4,0.0,0.0,0.0
tucker kraft,TE,GB,8,36.0,4.5,81.0
tuli tuipulotu,LB,LAC,15,0.0,0.0,0.0
tutu atwell,WR,LAR,8,6.0,0.75,13.5
tvondre sweat,DT,TEN,12,0.0,0.0,0.0
ty chandler,RB,MIN,3,0.0,0.0,0.0
ty hamilton,DT,LAR,9,0.0,0.0,0.0
ty johnson,RB,BUF,17,30.0,1.765,31.8
ty okada,SAF,SEA,15,0.0,0.0,0.0
ty robinson,DT,PHI,3,0.0,0.0,0.0
ty summers,LB,DET,1,0.0,0.0,0.0
tycen anderson,SAF,CIN,14,0.0,0.0,0.0
tyjae spears,RB,TEN,13,12.0,0.923,16.6
tykee smith,DB,TB,16,0.0,0.0,0.0
tylan wallace,WR,BAL,11,6.0,0.545,9.8
tyleik williams,DT,DET,13,0.0,0.0,0.0
tyler allgeier,RB,ATL,17,48.0,2.824,50.8
tyler badie,RB,DEN,16,0.0,0.0,0.0
tyler baron,DE,NYJ,4,0.0,0.0,0.0
tyler batty,LB,MIN,9,0.0,0.0,0.0
tyler biadasz,C,WAS,2,0.0,0.0,0.0
tyler booker,G,DAL,5,0.0,0.0,0.0
tyler conklin,TE,LAC,6,0.0,0.0,0.0
tyler davis,DE,LAR,16,0.0,0.0,0.0
tyler goodson,RB,IND,10,0.0,0.0,0.0
tyler guyton,OT,DAL,4,0.0,0.0,0.0
tyler higbee,TE,LAR,10,18.0,1.8,32.4
tyler huntley,QB,BAL,5,6.0,1.2,21.6
tyler johnson,WR,NYJ,9,6.0,0.667,12.0
tyler lacy,DE,DET,9,0.0,0.0,0.0
tyler linderbaum,C,BAL,4,0.0,0.0,0.0
tyler lockett,WR,LV,17,6.0,0.353,6.4
tyler loop,K,BAL,17,134.0,7.882,141.9
tyler nubin,SAF,NYG,13,0.0,0.0,0.0
tyler ott,LS,WAS,1,0.0,0.0,0.0
tyler owens,DB,WAS,11,0.0,0.0,0.0
tyler shough,QB,NO,11,48.0,4.364,78.5
tyler smith,OT,DAL,8,0.0,0.0,0.0
tyler steen,OT,PHI,7,0.0,0.0,0.0
tyler warren,TE,IND,17,30.0,1.765,31.8
tyquan lewis,DE,IND,9,0.0,0.0,0.0
tyquan thornton,WR,KC,12,18.0,1.5,27.0
tyree wilson,DE,LV,15,0.0,0.0,0.0
tyreek hill,WR,MIA,4,6.0,1.5,27.0
tyrel dodson,LB,MIA,16,0.0,0.0,0.0
tyrell shavers,WR,BUF,11,6.0,0.545,9.8
tyrice knight,LB,SEA,14,0.0,0.0,0.0
tyrion ingram dawkins,DT,MIN,9,0.0,0.0,0.0
tyrique stevenson,CB,CHI,12,0.0,0.0,0.0
tyrod taylor,QB,NYJ,6,21.0,3.5,63.0
tyron hopper,LB,GB,13,0.0,0.0,0.0
tyrone tracy,RB,NYG,15,24.0,1.6,28.8
tyrus wheat,LB,DET,9,0.0,0.0,0.0
tyson bagent,QB,CHI,2,0.0,0.0,0.0
tyson campbell,CB,CLE,17,0.0,0.0,0.0
tytus howard,OT,HOU,4,0.0,0.0,0.0
uchenna nwosu,LB,SEA,15,0.0,0.0,0.0
ugo amadi,CB,NO,1,0.0,0.0,0.0
ulysses bentley,RB,IND,1,0.0,0.0,0.0
upton stout,CB,SF,16,0.0,0.0,0.0
van jefferson,WR,TEN,14,6.0,0.429,7.7
vederian lowe,OT,NE,2,0.0,0.0,0.0
velus jones,WR,SEA,5,0.0,0.0,0.0
ventrell miller,LB,JAX,15,0.0,0.0,0.0
vernon broughton,DT,NO,1,0.0,0.0,0.0
victor dimukeje,LB,NYG,2,0.0,0.0,0.0
vita vea,DT,TB,14,0.0,0.0,0.0
von miller,OLB,WAS,14,0.0,0.0,0.0
walker little,OT,JAX,6,0.0,0.0,0.0
walter nolen,DT,ARI,6,0.0,0.0,0.0
walter rouse,OT,MIN,1,0.0,0.0,0.0
wandale robinson,WR,NYG,16,24.0,1.5,27.0
wanya morris,OT,KC,2,0.0,0.0,0.0
warren brinson,DT,GB,8,0.0,0.0,0.0
wil lutz,K,DEN,17,123.0,7.235,130.2
will anderson,DE,HOU,17,0.0,0.0,0.0
will campbell,OT,NE,6,0.0,0.0,0.0
will dissly,TE,LAC,8,0.0,0.0,0.0
will fries,G,MIN,4,0.0,0.0,0.0
will harris,SAF,WAS,9,0.0,0.0,0.0
will hernandez,G,ARI,2,0.0,0.0,0.0
will johnson,CB,ARI,11,0.0,0.0,0.0
will mallory,TE,IND,1,0.0,0.0,0.0
will mcdonald,DE,NYJ,12,0.0,0.0,0.0
will putnam,C,LV,1,0.0,0.0,0.0
will reichard,K,MIN,17,130.0,7.647,137.6
will shipley,RB,PHI,14,0.0,0.0,0.0
william wagner,LS,CIN,2,0.0,0.0,0.0
willie gay,LB,MIA,9,0.0,0.0,0.0
woody marks,RB,HOU,16,30.0,1.875,33.8
wyatt teller,G,CLE,4,0.0,0.0,0.0
xavien howard,CB,IND,4,0.0,0.0,0.0
xavier gipson,WR,PHI,6,0.0,0.0,0.0
xavier hutchinson,WR,HOU,16,18.0,1.125,20.2
xavier legette,WR,CAR,15,18.0,1.2,21.6
xavier mckinney,SAF,GB,16,0.0,0.0,0.0
xavier restrepo,WR,TEN,2,0.0,0.0,0.0
xavier smith,WR,LAR,16,0.0,0.0,0.0
xavier truss,G,NO,1,0.0,0.0,0.0
xavier watts,SAF,ATL,17,0.0,0.0,0.0
xavier weaver,WR,ARI,7,0.0,0.0,0.0
xavier woods,FS,TEN,10,0.0,0.0,0.0
xavier worthy,WR,KC,14,6.0,0.429,7.7
yahya black,DE,PIT,12,0.0,0.0,0.0
yasir abdullah,LB,JAX,6,0.0,0.0,0.0
yaya diaby,LB,TB,17,0.0,0.0,0.0
yetur gross matos,DE,SF,6,0.0,0.0,0.0
yosh nijman,OT,CAR,1,0.0,0.0,0.0
younghoe koo,K,NYG,6,31.0,5.167,93.0
zacch pickens,DT,KC,2,0.0,0.0,0.0
zach allen,DE,DEN,17,0.0,0.0,0.0
zach bako bewele,G,GB,1,0.0,0.0,0.0
zach charbonnet,RB,SEA,16,72.0,4.5,81.0
zach cunningham,ILB,DET,4,0.0,0.0,0.0
zach ertz,TE,WAS,13,24.0,1.846,33.2
zach frazier,C,PIT,5,0.0,0.0,0.0
zach harrison,DE,ATL,7,0.0,0.0,0.0
zach sieler,DE,MIA,17,0.0,0.0,0.0
zach wilson,QB,MIA,4,0.0,0.0,0.0
zach wood,LS,NO,2,0.0,0.0,0.0
zachary carter,DT,ARI,4,0.0,0.0,0.0
zack baun,LB,PHI,16,0.0,0.0,0.0
zadarius smith,DE,PHI,4,0.0,0.0,0.0
zaire barnes,LB,NYG,8,0.0,0.0,0.0
zaire franklin,OLB,IND,17,0.0,0.0,0.0
zaire mitchell paden,TE,NO,3,0.0,0.0,0.0
zamir white,RB,LV,5,0.0,0.0,0.0
zane gonzalez,K,ATL,9,74.0,8.222,148.0
zaven collins,LB,ARI,17,0.0,0.0,0.0
zavier scott,RB,MIN,11,6.0,0.545,9.8
zay flowers,WR,BAL,17,36.0,2.118,38.1
zay jones,WR,ARI,6,0.0,0.0,0.0
zayne anderson,SAF,GB,12,0.0,0.0,0.0
zeek biggers,DT,MIA,7,0.0,0.0,0.0
zion childress,DB,DAL,2,0.0,0.0,0.0
zion johnson,G,LAC,2,0.0,0.0,0.0
zion logue,DT,BUF,2,0.0,0.0,0.0
zyon mccollum,CB,TB,13,0.0,0.0,0.0
ARI,DST,ARI,17,14.0,0.824,14.8
ATL,DST,ATL,17,6.0,0.353,6.4
BAL,DST,BAL,17,12.0,0.706,12.7
BUF,DST,BUF,17,12.0,0.706,12.7
CAR,DST,CAR,17,12.0,0.706,12.7
CHI,DST,CHI,17,12.0,0.706,12.7
CIN,DST,CIN,17,6.0,0.353,6.4
CLE,DST,CLE,17,24.0,1.412,25.4
DAL,DST,DAL,17,14.0,0.824,14.8
DEN,DST,DEN,17,12.0,0.706,12.7
DET,DST,DET,17,8.0,0.471,8.5
GB,DST,GB,17,0.0,0.0,0.0
HOU,DST,HOU,17,24.0,1.412,25.4
IND,DST,IND,17,6.0,0.353,6.4
JAX,DST,JAX,17,26.0,1.529,27.5
KC,DST,KC,17,0.0,0.0,0.0
LAR,DST,LAR,17,12.0,0.706,12.7
LAC,DST,LAC,17,2.0,0.118,2.1
LV,DST,LV,17,2.0,0.118,2.1
MIA,DST,MIA,17,6.0,0.353,6.4
MIN,DST,MIN,17,12.0,0.706,12.7
NE,DST,NE,17,26.0,1.529,27.5
NO,DST,NO,17,18.0,1.059,19.1
NYG,DST,NYG,17,6.0,0.353,6.4
NYJ,DST,NYJ,17,20.0,1.176,21.2
PHI,DST,PHI,17,18.0,1.059,19.1
PIT,DST,PIT,17,20.0,1.176,21.2
SEA,DST,SEA,17,36.0,2.118,38.1
SF,DST,SF,17,6.0,0.353,6.4
TB,DST,TB,17,14.0,0.824,14.8
TEN,DST,TEN,17,20.0,1.176,21.2
WAS,DST,WAS,17,14.0,0.824,14.8
